problem,ablation,beta_update,T,alpha,eta,rho,theta_mode,theta_lambda,D_theta,theta_lr,theta_inner_steps,theta_start_mode,policy_optimizer,policy_gradient,reinforce_samples,fisher_damping,cg_iters,cg_tol,state_weight_update,dataset_path,theta_optimizer,theta_include_beta_cov,num_trajectories,max_steps,seed,device,status,error,solver_success_rate,greedy_success_rate,solver_avg_reward,greedy_avg_reward,elapsed_seconds,run_idx
deterministic,zero_start_lambda,fogas_full,1000,0.001,0.0001,0.05,reg_fixed,0.0001,,0.3,40,zero,adam,exact,4,0.001,50,1e-10,normal,/shared/home/mauro.diaz/work/FOGAS/data/datasets_clean/generalization/5grid.csv,adam,False,100,20,42,cpu,ok,,0.97,1.0,0.8639,0.9300000000000002,56.61768936901353,25
deterministic,reg_fixed_lambda,fogas_full,1000,0.001,0.0001,0.05,reg_fixed,0.0001,,0.3,40,warm,adam,exact,4,0.001,50,1e-10,normal,/shared/home/mauro.diaz/work/FOGAS/data/datasets_clean/generalization/5grid.csv,adam,False,100,20,42,cpu,ok,,0.96,1.0,0.8495999999999999,0.9300000000000002,61.98353552498156,103
deterministic,reg_fixed_lambda,fogas_full,1000,0.001,0.0001,0.05,reg_fixed,0.0003,,0.3,40,warm,adam,exact,4,0.001,50,1e-10,normal,/shared/home/mauro.diaz/work/FOGAS/data/datasets_clean/generalization/5grid.csv,adam,False,100,20,42,cpu,ok,,0.8,1.0,0.6748999999999999,0.9300000000000002,58.76527174998773,32
deterministic,zero_start_lambda,fogas_full,1000,0.001,0.0001,0.05,reg_fixed,0.0003,,0.3,40,zero,adam,exact,4,0.001,50,1e-10,normal,/shared/home/mauro.diaz/work/FOGAS/data/datasets_clean/generalization/5grid.csv,adam,False,100,20,42,cpu,ok,,0.74,1.0,0.6087999999999998,0.9300000000000002,61.10684669803595,68
deterministic,zero_start_lambda,fogas_full,1000,0.001,0.0001,0.05,reg_fixed,3e-05,,0.3,40,zero,adam,exact,4,0.001,50,1e-10,normal,/shared/home/mauro.diaz/work/FOGAS/data/datasets_clean/generalization/5grid.csv,adam,False,100,20,42,cpu,ok,,0.68,1.0,0.5480999999999999,0.9300000000000002,61.270360913011245,76
deterministic,zero_start_inner_steps,fogas_full,1000,0.001,0.0001,0.05,reg_fixed,0.001,,0.3,2,zero,adam,exact,4,0.001,50,1e-10,normal,/shared/home/mauro.diaz/work/FOGAS/data/datasets_clean/generalization/5grid.csv,adam,False,100,20,42,cpu,ok,,0.65,1.0,0.5040999999999999,0.9300000000000002,49.93826072401134,6
deterministic,zero_start_inner_steps,fogas_full,1000,0.001,0.0001,0.05,reg_fixed,0.001,,0.3,20,zero,adam,exact,4,0.001,50,1e-10,normal,/shared/home/mauro.diaz/work/FOGAS/data/datasets_clean/generalization/5grid.csv,adam,False,100,20,42,cpu,ok,,0.62,1.0,0.4675999999999999,0.9300000000000002,52.89717895700596,9
deterministic,zero_start_inner_steps,fogas_full,1000,0.001,0.0001,0.05,reg_fixed,0.001,,0.3,80,zero,adam,exact,4,0.001,50,1e-10,normal,/shared/home/mauro.diaz/work/FOGAS/data/datasets_clean/generalization/5grid.csv,adam,False,100,20,42,cpu,ok,,0.57,1.0,0.4132999999999999,0.9300000000000002,63.66361359099392,121
deterministic,zero_start_inner_steps,fogas_full,1000,0.001,0.0001,0.05,reg_fixed,0.001,,0.3,10,zero,adam,exact,4,0.001,50,1e-10,normal,/shared/home/mauro.diaz/work/FOGAS/data/datasets_clean/generalization/5grid.csv,adam,False,100,20,42,cpu,ok,,0.55,1.0,0.3915999999999999,0.9300000000000002,54.47543777799001,11
deterministic,reg_fixed_inner_steps,fogas_full,1000,0.001,0.0001,0.05,reg_fixed,0.001,,0.3,20,warm,adam,exact,4,0.001,50,1e-10,normal,/shared/home/mauro.diaz/work/FOGAS/data/datasets_clean/generalization/5grid.csv,adam,False,100,20,42,cpu,ok,,0.55,1.0,0.38999999999999985,0.9300000000000002,56.42336990003241,22
deterministic,reg_fixed_baseline,fogas_full,1000,0.001,0.0001,0.05,reg_fixed,0.001,,0.3,40,warm,adam,exact,4,0.001,50,1e-10,normal,/shared/home/mauro.diaz/work/FOGAS/data/datasets_clean/generalization/5grid.csv,adam,False,100,20,42,cpu,ok,,0.53,1.0,0.3685999999999999,0.9300000000000002,54.561060783977155,12
deterministic,reg_fixed_inner_steps,fogas_full,1000,0.001,0.0001,0.05,reg_fixed,0.001,,0.3,40,warm,adam,exact,4,0.001,50,1e-10,normal,/shared/home/mauro.diaz/work/FOGAS/data/datasets_clean/generalization/5grid.csv,adam,False,100,20,42,cpu,ok,,0.53,1.0,0.3685999999999999,0.9300000000000002,59.583305344043765,41
deterministic,reg_fixed_lambda,fogas_full,1000,0.001,0.0001,0.05,reg_fixed,0.001,,0.3,40,warm,adam,exact,4,0.001,50,1e-10,normal,/shared/home/mauro.diaz/work/FOGAS/data/datasets_clean/generalization/5grid.csv,adam,False,100,20,42,cpu,ok,,0.53,1.0,0.3685999999999999,0.9300000000000002,60.41362788202241,59
deterministic,projection_dtheta,fogas_full,1000,0.001,0.0001,0.05,projection,,10.0,0.3,40,warm,adam,exact,4,0.001,50,1e-10,normal,/shared/home/mauro.diaz/work/FOGAS/data/datasets_clean/generalization/5grid.csv,adam,False,100,20,42,cpu,ok,,0.46,1.0,0.28419999999999995,0.9300000000000002,61.38956405996578,82
deterministic,projection_dtheta,fogas_full,1000,0.001,0.0001,0.05,projection,,100.0,0.3,40,warm,adam,exact,4,0.001,50,1e-10,normal,/shared/home/mauro.diaz/work/FOGAS/data/datasets_clean/generalization/5grid.csv,adam,False,100,20,42,cpu,ok,,0.19,1.0,-0.001800000000000034,0.9099999999999998,60.664386666961946,63
stochastic,projection_dtheta,fogas_full,1000,0.001,0.0001,1.0,projection,,30.0,0.03,40,warm,adam,exact,4,0.001,50,1e-10,normal,/shared/home/mauro.diaz/work/FOGAS/data/datasets_clean/generalization/5grid_stochastic.csv,adam,False,100,20,42,cpu,ok,,0.64,0.94,-0.9437500000000005,0.049300000000000094,61.73891217604978,94
stochastic,projection_dtheta,fogas_full,1000,0.001,0.0001,1.0,projection,,100.0,0.03,40,warm,adam,exact,4,0.001,50,1e-10,normal,/shared/home/mauro.diaz/work/FOGAS/data/datasets_clean/generalization/5grid_stochastic.csv,adam,False,100,20,42,cpu,ok,,0.55,0.94,-1.0982500000000006,0.049300000000000094,60.2295721929986,51
stochastic,reg_fixed_lambda,fogas_full,1000,0.001,0.0001,1.0,reg_fixed,1e-07,,0.03,40,warm,adam,exact,4,0.001,50,1e-10,normal,/shared/home/mauro.diaz/work/FOGAS/data/datasets_clean/generalization/5grid_stochastic.csv,adam,False,100,20,42,cpu,ok,,0.53,0.94,-1.0557500000000004,0.049300000000000094,60.34543968498474,58
stochastic,reg_fixed_lambda,fogas_full,1000,0.001,0.0001,1.0,reg_fixed,3e-07,,0.03,40,warm,adam,exact,4,0.001,50,1e-10,normal,/shared/home/mauro.diaz/work/FOGAS/data/datasets_clean/generalization/5grid_stochastic.csv,adam,False,100,20,42,cpu,ok,,0.53,0.94,-1.1694500000000003,0.049300000000000094,61.58268195600249,90
stochastic,reg_fixed_lambda,fogas_full,1000,0.001,0.0001,1.0,reg_fixed,3e-08,,0.03,40,warm,adam,exact,4,0.001,50,1e-10,normal,/shared/home/mauro.diaz/work/FOGAS/data/datasets_clean/generalization/5grid_stochastic.csv,adam,False,100,20,42,cpu,ok,,0.5,0.94,-1.1394000000000004,0.049300000000000094,62.19962226599455,107
stochastic,reg_fixed_lambda,fogas_full,1000,0.001,0.0001,1.0,reg_fixed,1e-08,,0.03,40,warm,adam,exact,4,0.001,50,1e-10,normal,/shared/home/mauro.diaz/work/FOGAS/data/datasets_clean/generalization/5grid_stochastic.csv,adam,False,100,20,42,cpu,ok,,0.48,0.94,-1.1977000000000004,0.049300000000000094,59.319848388957325,38
stochastic,reg_fixed_lambda,fogas_full,1000,0.001,0.0001,1.0,reg_fixed,1e-06,,0.03,40,warm,adam,exact,4,0.001,50,1e-10,normal,/shared/home/mauro.diaz/work/FOGAS/data/datasets_clean/generalization/5grid_stochastic.csv,adam,False,100,20,42,cpu,ok,,0.46,0.94,-1.2871000000000006,0.049300000000000094,61.24330163997365,77
stochastic,reg_fixed_lambda,fogas_full,1000,0.001,0.0001,1.0,reg_fixed,3e-06,,0.03,40,warm,adam,exact,4,0.001,50,1e-10,normal,/shared/home/mauro.diaz/work/FOGAS/data/datasets_clean/generalization/5grid_stochastic.csv,adam,False,100,20,42,cpu,ok,,0.27,0.25,-1.6020500000000004,-1.6220000000000008,61.591585358954035,91
stochastic,reg_fixed_lambda,fogas_full,1000,0.001,0.0001,1.0,reg_fixed,0.1,,0.03,40,warm,adam,exact,4,0.001,50,1e-10,normal,/shared/home/mauro.diaz/work/FOGAS/data/datasets_clean/generalization/5grid_stochastic.csv,adam,False,100,20,42,cpu,ok,,0.03,0.09,-2.0855000000000006,-1.7074,60.29728200903628,56
stochastic,zero_start_lambda,fogas_full,1000,0.001,0.0001,1.0,reg_fixed,0.001,,0.03,40,zero,adam,exact,4,0.001,50,1e-10,normal,/shared/home/mauro.diaz/work/FOGAS/data/datasets_clean/generalization/5grid_stochastic.csv,adam,False,100,20,42,cpu,ok,,0.06,0.08,-2.102100000000001,-1.7253000000000003,58.347185596998315,30
stochastic,projection_dtheta,fogas_full,1000,0.001,0.0001,1.0,projection,,3.0,0.03,40,warm,adam,exact,4,0.001,50,1e-10,normal,/shared/home/mauro.diaz/work/FOGAS/data/datasets_clean/generalization/5grid_stochastic.csv,adam,False,100,20,42,cpu,ok,,0.08,0.06,-1.9080500000000002,-1.9572000000000012,62.30203198699746,110
stochastic,projection_dtheta,fogas_full,1000,0.001,0.0001,1.0,projection,,0.001,0.03,40,warm,adam,exact,4,0.001,50,1e-10,normal,/shared/home/mauro.diaz/work/FOGAS/data/datasets_clean/generalization/5grid_stochastic.csv,adam,False,100,20,42,cpu,ok,,0.08,0.05,-1.9695000000000005,-2.130700000000001,59.86646759597352,47
stochastic,projection_dtheta,fogas_full,1000,0.001,0.0001,1.0,projection,,0.003,0.03,40,warm,adam,exact,4,0.001,50,1e-10,normal,/shared/home/mauro.diaz/work/FOGAS/data/datasets_clean/generalization/5grid_stochastic.csv,adam,False,100,20,42,cpu,ok,,0.08,0.05,-1.9788500000000007,-2.130700000000001,61.8665348989889,100
stochastic,projection_dtheta,fogas_full,1000,0.001,0.0001,1.0,projection,,0.01,0.03,40,warm,adam,exact,4,0.001,50,1e-10,normal,/shared/home/mauro.diaz/work/FOGAS/data/datasets_clean/generalization/5grid_stochastic.csv,adam,False,100,20,42,cpu,ok,,0.07,0.05,-2.0217000000000005,-2.130700000000001,62.91601543803699,117
stochastic,projection_dtheta,fogas_full,1000,0.001,0.0001,1.0,projection,,1.0,0.03,40,warm,adam,exact,4,0.001,50,1e-10,normal,/shared/home/mauro.diaz/work/FOGAS/data/datasets_clean/generalization/5grid_stochastic.csv,adam,False,100,20,42,cpu,ok,,0.07,0.05,-2.0794500000000005,-2.130700000000001,60.60696309199557,62
stochastic,zero_start_inner_steps,fogas_full,1000,0.001,0.0001,1.0,reg_fixed,0.0001,,0.03,1,zero,adam,exact,4,0.001,50,1e-10,normal,/shared/home/mauro.diaz/work/FOGAS/data/datasets_clean/generalization/5grid_stochastic.csv,adam,False,100,20,42,cpu,ok,,0.05,0.05,-2.0778500000000006,-2.130700000000001,22.656818875984754,123
stochastic,projection_dtheta,fogas_full,1000,0.001,0.0001,1.0,projection,,0.3,0.03,40,warm,adam,exact,4,0.001,50,1e-10,normal,/shared/home/mauro.diaz/work/FOGAS/data/datasets_clean/generalization/5grid_stochastic.csv,adam,False,100,20,42,cpu,ok,,0.05,0.05,-2.0778500000000006,-2.130700000000001,54.458613511000294,10
stochastic,zero_start_inner_steps,fogas_full,1000,0.001,0.0001,1.0,reg_fixed,0.0001,,0.03,2,zero,adam,exact,4,0.001,50,1e-10,normal,/shared/home/mauro.diaz/work/FOGAS/data/datasets_clean/generalization/5grid_stochastic.csv,adam,False,100,20,42,cpu,ok,,0.05,0.05,-2.0953500000000007,-2.130700000000001,19.72585234401049,125
stochastic,projection_dtheta,fogas_full,1000,0.001,0.0001,1.0,projection,,0.03,0.03,40,warm,adam,exact,4,0.001,50,1e-10,normal,/shared/home/mauro.diaz/work/FOGAS/data/datasets_clean/generalization/5grid_stochastic.csv,adam,False,100,20,42,cpu,ok,,0.04,0.05,-2.0947000000000005,-2.130700000000001,60.647855020011775,66
stochastic,projection_dtheta,fogas_full,1000,0.001,0.0001,1.0,projection,,0.1,0.03,40,warm,adam,exact,4,0.001,50,1e-10,normal,/shared/home/mauro.diaz/work/FOGAS/data/datasets_clean/generalization/5grid_stochastic.csv,adam,False,100,20,42,cpu,ok,,0.04,0.05,-2.1003500000000006,-2.130700000000001,61.92739204398822,102
stochastic,projection_dtheta,fogas_full,1000,0.001,0.0001,1.0,projection,,10.0,0.03,40,warm,adam,exact,4,0.001,50,1e-10,normal,/shared/home/mauro.diaz/work/FOGAS/data/datasets_clean/generalization/5grid_stochastic.csv,adam,False,100,20,42,cpu,ok,,0.1,0.04,-1.9030000000000007,-1.9669000000000008,54.71505912998691,14
stochastic,reg_fixed_lambda,fogas_full,1000,0.001,0.0001,1.0,reg_fixed,0.003,,0.03,40,warm,adam,exact,4,0.001,50,1e-10,normal,/shared/home/mauro.diaz/work/FOGAS/data/datasets_clean/generalization/5grid_stochastic.csv,adam,False,100,20,42,cpu,ok,,0.09,0.04,-2.0468000000000006,-2.0488500000000003,60.254991036024876,55
stochastic,reg_fixed_lambda,fogas_full,1000,0.001,0.0001,1.0,reg_fixed,0.3,,0.03,40,warm,adam,exact,4,0.001,50,1e-10,normal,/shared/home/mauro.diaz/work/FOGAS/data/datasets_clean/generalization/5grid_stochastic.csv,adam,False,100,20,42,cpu,ok,,0.04,0.04,-1.9956500000000006,-2.0178000000000003,60.1092892739689,49
stochastic,zero_start_lambda,fogas_full,1000,0.001,0.0001,1.0,reg_fixed,0.003,,0.03,40,zero,adam,exact,4,0.001,50,1e-10,normal,/shared/home/mauro.diaz/work/FOGAS/data/datasets_clean/generalization/5grid_stochastic.csv,adam,False,100,20,42,cpu,ok,,0.09,0.03,-2.073200000000001,-2.0695,61.26435503200628,80
stochastic,reg_fixed_lambda,fogas_full,1000,0.001,0.0001,1.0,reg_fixed,0.01,,0.03,40,warm,adam,exact,4,0.001,50,1e-10,normal,/shared/home/mauro.diaz/work/FOGAS/data/datasets_clean/generalization/5grid_stochastic.csv,adam,False,100,20,42,cpu,ok,,0.08,0.03,-2.0493500000000004,-2.0695,62.90009333996568,118
stochastic,zero_start_lambda,fogas_full,1000,0.001,0.0001,1.0,reg_fixed,0.01,,0.03,40,zero,adam,exact,4,0.001,50,1e-10,normal,/shared/home/mauro.diaz/work/FOGAS/data/datasets_clean/generalization/5grid_stochastic.csv,adam,False,100,20,42,cpu,ok,,0.06,0.03,-2.097500000000001,-2.0695,61.05534856498707,70
stochastic,reg_fixed_lambda,fogas_full,1000,0.001,0.0001,1.0,reg_fixed,0.03,,0.03,40,warm,adam,exact,4,0.001,50,1e-10,normal,/shared/home/mauro.diaz/work/FOGAS/data/datasets_clean/generalization/5grid_stochastic.csv,adam,False,100,20,42,cpu,ok,,0.04,0.03,-2.057450000000001,-2.0695,62.473247251997236,113
stochastic,zero_start_inner_steps,fogas_full,1000,0.001,0.0001,1.0,reg_fixed,0.0001,,0.03,5,zero,adam,exact,4,0.001,50,1e-10,normal,/shared/home/mauro.diaz/work/FOGAS/data/datasets_clean/generalization/5grid_stochastic.csv,adam,False,100,20,42,cpu,ok,,0.03,0.03,-2.1170500000000008,-2.0374500000000006,17.57656570902327,124
stochastic,zero_start_lambda,fogas_full,1000,0.001,0.0001,1.0,reg_fixed,0.03,,0.03,40,zero,adam,exact,4,0.001,50,1e-10,normal,/shared/home/mauro.diaz/work/FOGAS/data/datasets_clean/generalization/5grid_stochastic.csv,adam,False,100,20,42,cpu,ok,,0.03,0.03,-2.0468500000000005,-2.0510000000000006,61.28882108797552,83
stochastic,zero_start_inner_steps,fogas_full,1000,0.001,0.0001,1.0,reg_fixed,0.0001,,0.03,10,zero,adam,exact,4,0.001,50,1e-10,normal,/shared/home/mauro.diaz/work/FOGAS/data/datasets_clean/generalization/5grid_stochastic.csv,adam,False,100,20,42,cpu,ok,,0.02,0.03,-2.1216000000000013,-2.0180500000000006,19.662002642988227,127
stochastic,reg_fixed_lambda,fogas_full,1000,0.001,0.0001,1.0,reg_fixed,0.001,,0.03,40,warm,adam,exact,4,0.001,50,1e-10,normal,/shared/home/mauro.diaz/work/FOGAS/data/datasets_clean/generalization/5grid_stochastic.csv,adam,False,100,20,42,cpu,ok,,0.04,0.01,-2.1213000000000006,-2.041050000000001,61.792835512023885,99
stochastic,zero_start_inner_steps,fogas_full,1000,0.001,0.0001,1.0,reg_fixed,0.0001,,0.03,20,zero,adam,exact,4,0.001,50,1e-10,normal,/shared/home/mauro.diaz/work/FOGAS/data/datasets_clean/generalization/5grid_stochastic.csv,adam,False,100,20,42,cpu,ok,,0.03,0.01,-2.0791000000000004,-1.9943,18.41367470897967,126
stochastic,zero_start_lambda,fogas_full,1000,0.001,0.0001,1.0,reg_fixed,0.0003,,0.03,40,zero,adam,exact,4,0.001,50,1e-10,normal,/shared/home/mauro.diaz/work/FOGAS/data/datasets_clean/generalization/5grid_stochastic.csv,adam,False,100,20,42,cpu,ok,,0.03,0.01,-2.0625000000000004,-2.0537000000000005,60.17053277499508,52
stochastic,reg_fixed_lambda,fogas_full,1000,0.001,0.0001,1.0,reg_fixed,1.0,,0.03,40,warm,adam,exact,4,0.001,50,1e-10,normal,/shared/home/mauro.diaz/work/FOGAS/data/datasets_clean/generalization/5grid_stochastic.csv,adam,False,100,20,42,cpu,ok,,0.01,0.01,-2.0215500000000004,-2.004350000000001,61.25514411897166,78
deterministic,reg_fixed_inner_steps,fogas_full,1000,0.001,0.0001,0.05,reg_fixed,0.001,,0.3,2,warm,adam,exact,4,0.001,50,1e-10,normal,/shared/home/mauro.diaz/work/FOGAS/data/datasets_clean/generalization/5grid.csv,adam,False,100,20,42,cpu,ok,,0.48,0.0,0.31449999999999995,-0.2,57.235102994018234,27
deterministic,reg_fixed_inner_steps,fogas_full,1000,0.001,0.0001,0.05,reg_fixed,0.001,,0.3,10,warm,adam,exact,4,0.001,50,1e-10,normal,/shared/home/mauro.diaz/work/FOGAS/data/datasets_clean/generalization/5grid.csv,adam,False,100,20,42,cpu,ok,,0.48,0.0,0.3141999999999999,-0.2,56.565327014017384,23
deterministic,zero_start_inner_steps,fogas_full,1000,0.001,0.0001,0.05,reg_fixed,0.001,,0.3,160,zero,adam,exact,4,0.001,50,1e-10,normal,/shared/home/mauro.diaz/work/FOGAS/data/datasets_clean/generalization/5grid.csv,adam,False,100,20,42,cpu,ok,,0.47,0.0,0.30269999999999997,-0.2,69.95127225102624,128
deterministic,reg_fixed_inner_steps,fogas_full,1000,0.001,0.0001,0.05,reg_fixed,0.001,,0.3,80,warm,adam,exact,4,0.001,50,1e-10,normal,/shared/home/mauro.diaz/work/FOGAS/data/datasets_clean/generalization/5grid.csv,adam,False,100,20,42,cpu,ok,,0.47,0.0,0.30269999999999997,-0.2,71.24411437899107,131
deterministic,reg_fixed_inner_steps,fogas_full,1000,0.001,0.0001,0.05,reg_fixed,0.001,,0.3,160,warm,adam,exact,4,0.001,50,1e-10,normal,/shared/home/mauro.diaz/work/FOGAS/data/datasets_clean/generalization/5grid.csv,adam,False,100,20,42,cpu,ok,,0.47,0.0,0.30269999999999997,-0.2,72.18511421204312,132
deterministic,zero_start_lambda,fogas_full,1000,0.001,0.0001,0.05,reg_fixed,0.001,,0.3,40,zero,adam,exact,4,0.001,50,1e-10,normal,/shared/home/mauro.diaz/work/FOGAS/data/datasets_clean/generalization/5grid.csv,adam,False,100,20,42,cpu,ok,,0.36,0.0,0.1826,-0.2,61.217046798963565,74
deterministic,zero_start_inner_steps,fogas_full,1000,0.001,0.0001,0.05,reg_fixed,0.001,,0.3,40,zero,adam,exact,4,0.001,50,1e-10,normal,/shared/home/mauro.diaz/work/FOGAS/data/datasets_clean/generalization/5grid.csv,adam,False,100,20,42,cpu,ok,,0.36,0.0,0.1826,-0.2,61.781993216020055,96
deterministic,reg_fixed_start_zero,fogas_full,1000,0.001,0.0001,0.05,reg_fixed,0.001,,0.3,40,zero,adam,exact,4,0.001,50,1e-10,normal,/shared/home/mauro.diaz/work/FOGAS/data/datasets_clean/generalization/5grid.csv,adam,False,100,20,42,cpu,ok,,0.36,0.0,0.1826,-0.2,62.64636306097964,114
deterministic,reg_fixed_lambda,fogas_full,1000,0.001,0.0001,0.05,reg_fixed,0.003,,0.3,40,warm,adam,exact,4,0.001,50,1e-10,normal,/shared/home/mauro.diaz/work/FOGAS/data/datasets_clean/generalization/5grid.csv,adam,False,100,20,42,cpu,ok,,0.2,0.0,0.011999999999999955,-0.2,61.7501040410134,93
deterministic,projection_dtheta,fogas_full,1000,0.001,0.0001,0.05,projection,,0.01,0.3,40,warm,adam,exact,4,0.001,50,1e-10,normal,/shared/home/mauro.diaz/work/FOGAS/data/datasets_clean/generalization/5grid.csv,adam,False,100,20,42,cpu,ok,,0.2,0.0,0.009499999999999972,-0.2,63.242371495987754,120
deterministic,projection_dtheta,fogas_full,1000,0.001,0.0001,0.05,projection,,0.03,0.3,40,warm,adam,exact,4,0.001,50,1e-10,normal,/shared/home/mauro.diaz/work/FOGAS/data/datasets_clean/generalization/5grid.csv,adam,False,100,20,42,cpu,ok,,0.19,0.0,-0.00010000000000003062,-0.2,61.7990843859734,95
deterministic,reg_fixed_inner_steps,fogas_full,1000,0.001,0.0001,0.05,reg_fixed,0.001,,0.3,5,warm,adam,exact,4,0.001,50,1e-10,normal,/shared/home/mauro.diaz/work/FOGAS/data/datasets_clean/generalization/5grid.csv,adam,False,100,20,42,cpu,ok,,0.1,0.0,-0.0947,-0.2,60.26141858997289,53
deterministic,reg_fixed_inner_steps,fogas_full,1000,0.001,0.0001,0.05,reg_fixed,0.001,,0.3,1,warm,adam,exact,4,0.001,50,1e-10,normal,/shared/home/mauro.diaz/work/FOGAS/data/datasets_clean/generalization/5grid.csv,adam,False,100,20,42,cpu,ok,,0.08,0.0,-0.1148,-0.2,42.19615132099716,1
deterministic,zero_start_lambda,fogas_full,1000,0.001,0.0001,0.05,reg_fixed,3.0,,0.3,40,zero,adam,exact,4,0.001,50,1e-10,normal,/shared/home/mauro.diaz/work/FOGAS/data/datasets_clean/generalization/5grid.csv,adam,False,100,20,42,cpu,ok,,0.08,0.0,-0.1157,-0.2,60.29077524197055,54
deterministic,reg_fixed_lambda,fogas_full,1000,0.001,0.0001,0.05,reg_fixed,0.01,,0.3,40,warm,adam,exact,4,0.001,50,1e-10,normal,/shared/home/mauro.diaz/work/FOGAS/data/datasets_clean/generalization/5grid.csv,adam,False,100,20,42,cpu,ok,,0.08,0.0,-0.11620000000000001,-0.2,61.326970668975264,79
deterministic,zero_start_lambda,fogas_full,1000,0.001,0.0001,0.05,reg_fixed,0.03,,0.3,40,zero,adam,exact,4,0.001,50,1e-10,normal,/shared/home/mauro.diaz/work/FOGAS/data/datasets_clean/generalization/5grid.csv,adam,False,100,20,42,cpu,ok,,0.06,0.0,-0.13720000000000002,-0.2,63.90909327700501,122
deterministic,projection_dtheta,fogas_full,1000,0.001,0.0001,0.05,projection,,30.0,0.3,40,warm,adam,exact,4,0.001,50,1e-10,normal,/shared/home/mauro.diaz/work/FOGAS/data/datasets_clean/generalization/5grid.csv,adam,False,100,20,42,cpu,ok,,0.06,0.0,-0.13770000000000002,-0.2,60.95849792403169,67
deterministic,zero_start_lambda,fogas_full,1000,0.001,0.0001,0.05,reg_fixed,10.0,,0.3,40,zero,adam,exact,4,0.001,50,1e-10,normal,/shared/home/mauro.diaz/work/FOGAS/data/datasets_clean/generalization/5grid.csv,adam,False,100,20,42,cpu,ok,,0.06,0.0,-0.138,-0.2,61.11997176799923,69
deterministic,zero_start_lambda,fogas_full,1000,0.001,0.0001,0.05,reg_fixed,1.0,,0.3,40,zero,adam,exact,4,0.001,50,1e-10,normal,/shared/home/mauro.diaz/work/FOGAS/data/datasets_clean/generalization/5grid.csv,adam,False,100,20,42,cpu,ok,,0.06,0.0,-0.1382,-0.2,59.29150865698466,37
stochastic,zero_start_lambda,fogas_full,1000,0.001,0.0001,1.0,reg_fixed,1e-07,,0.03,40,zero,adam,exact,4,0.001,50,1e-10,normal,/shared/home/mauro.diaz/work/FOGAS/data/datasets_clean/generalization/5grid_stochastic.csv,adam,False,100,20,42,cpu,ok,,0.06,0.0,-1.9811500000000004,-2.053700000000001,60.36060933402041,60
deterministic,projection_dtheta,fogas_full,1000,0.001,0.0001,0.05,projection,,0.003,0.3,40,warm,adam,exact,4,0.001,50,1e-10,normal,/shared/home/mauro.diaz/work/FOGAS/data/datasets_clean/generalization/5grid.csv,adam,False,100,20,42,cpu,ok,,0.05,0.0,-0.1471,-0.2,55.696503890038,19
deterministic,zero_start_lambda,fogas_full,1000,0.001,0.0001,0.05,reg_fixed,0.3,,0.3,40,zero,adam,exact,4,0.001,50,1e-10,normal,/shared/home/mauro.diaz/work/FOGAS/data/datasets_clean/generalization/5grid.csv,adam,False,100,20,42,cpu,ok,,0.05,0.0,-0.1471,-0.2,61.881661291001365,101
deterministic,reg_fixed_lambda,fogas_full,1000,0.001,0.0001,0.05,reg_fixed,3e-07,,0.3,40,warm,adam,exact,4,0.001,50,1e-10,normal,/shared/home/mauro.diaz/work/FOGAS/data/datasets_clean/generalization/5grid.csv,adam,False,100,20,42,cpu,ok,,0.05,0.0,-0.1477,-0.2,61.19828284496907,73
deterministic,zero_start_lambda,fogas_full,1000,0.001,0.0001,0.05,reg_fixed,0.1,,0.3,40,zero,adam,exact,4,0.001,50,1e-10,normal,/shared/home/mauro.diaz/work/FOGAS/data/datasets_clean/generalization/5grid.csv,adam,False,100,20,42,cpu,ok,,0.05,0.0,-0.1477,-0.2,61.501976158993784,87
deterministic,zero_start_lambda,fogas_full,1000,0.001,0.0001,0.05,reg_fixed,1e-08,,0.3,40,zero,adam,exact,4,0.001,50,1e-10,normal,/shared/home/mauro.diaz/work/FOGAS/data/datasets_clean/generalization/5grid.csv,adam,False,100,20,42,cpu,ok,,0.05,0.0,-0.1488,-0.2,60.378373334009666,57
stochastic,zero_start_lambda,fogas_full,1000,0.001,0.0001,1.0,reg_fixed,3e-08,,0.03,40,zero,adam,exact,4,0.001,50,1e-10,normal,/shared/home/mauro.diaz/work/FOGAS/data/datasets_clean/generalization/5grid_stochastic.csv,adam,False,100,20,42,cpu,ok,,0.05,0.0,-1.9852500000000004,-2.053700000000001,60.4480976780178,61
deterministic,reg_fixed_lambda,fogas_full,1000,0.001,0.0001,0.05,reg_fixed,1e-07,,0.3,40,warm,adam,exact,4,0.001,50,1e-10,normal,/shared/home/mauro.diaz/work/FOGAS/data/datasets_clean/generalization/5grid.csv,adam,False,100,20,42,cpu,ok,,0.04,0.0,-0.1589,-0.2,61.235812754021026,72
deterministic,zero_start_lambda,fogas_full,1000,0.001,0.0001,0.05,reg_fixed,3e-08,,0.3,40,zero,adam,exact,4,0.001,50,1e-10,normal,/shared/home/mauro.diaz/work/FOGAS/data/datasets_clean/generalization/5grid.csv,adam,False,100,20,42,cpu,ok,,0.04,0.0,-0.15900000000000003,-0.2,56.951072551019024,26
stochastic,zero_start_lambda,fogas_full,1000,0.001,0.0001,1.0,reg_fixed,1e-06,,0.03,40,zero,adam,exact,4,0.001,50,1e-10,normal,/shared/home/mauro.diaz/work/FOGAS/data/datasets_clean/generalization/5grid_stochastic.csv,adam,False,100,20,42,cpu,ok,,0.04,0.0,-1.9780000000000006,-2.0524000000000004,59.47749231895432,40
stochastic,zero_start_lambda,fogas_full,1000,0.001,0.0001,1.0,reg_fixed,1e-08,,0.03,40,zero,adam,exact,4,0.001,50,1e-10,normal,/shared/home/mauro.diaz/work/FOGAS/data/datasets_clean/generalization/5grid_stochastic.csv,adam,False,100,20,42,cpu,ok,,0.04,0.0,-2.001700000000001,-2.053700000000001,62.289598050992936,111
deterministic,reg_fixed_lambda,fogas_full,1000,0.001,0.0001,0.05,reg_fixed,3e-08,,0.3,40,warm,adam,exact,4,0.001,50,1e-10,normal,/shared/home/mauro.diaz/work/FOGAS/data/datasets_clean/generalization/5grid.csv,adam,False,100,20,42,cpu,ok,,0.03,0.0,-0.16820000000000002,-0.2,61.27005587198073,75
deterministic,reg_fixed_lambda,fogas_full,1000,0.001,0.0001,0.05,reg_fixed,10.0,,0.3,40,warm,adam,exact,4,0.001,50,1e-10,normal,/shared/home/mauro.diaz/work/FOGAS/data/datasets_clean/generalization/5grid.csv,adam,False,100,20,42,cpu,ok,,0.03,0.0,-0.16829999999999998,-0.2,56.58378465496935,24
deterministic,reg_fixed_lambda,fogas_full,1000,0.001,0.0001,0.05,reg_fixed,3.0,,0.3,40,warm,adam,exact,4,0.001,50,1e-10,normal,/shared/home/mauro.diaz/work/FOGAS/data/datasets_clean/generalization/5grid.csv,adam,False,100,20,42,cpu,ok,,0.03,0.0,-0.16829999999999998,-0.2,61.39581286604516,84
deterministic,zero_start_lambda,fogas_full,1000,0.001,0.0001,0.05,reg_fixed,3e-07,,0.3,40,zero,adam,exact,4,0.001,50,1e-10,normal,/shared/home/mauro.diaz/work/FOGAS/data/datasets_clean/generalization/5grid.csv,adam,False,100,20,42,cpu,ok,,0.03,0.0,-0.16839999999999997,-0.2,58.958905345003586,34
deterministic,reg_fixed_lambda,fogas_full,1000,0.001,0.0001,0.05,reg_fixed,1e-08,,0.3,40,warm,adam,exact,4,0.001,50,1e-10,normal,/shared/home/mauro.diaz/work/FOGAS/data/datasets_clean/generalization/5grid.csv,adam,False,100,20,42,cpu,ok,,0.03,0.0,-0.16899999999999998,-0.2,60.67043802299304,64
deterministic,zero_start_lambda,fogas_full,1000,0.001,0.0001,0.05,reg_fixed,1e-07,,0.3,40,zero,adam,exact,4,0.001,50,1e-10,normal,/shared/home/mauro.diaz/work/FOGAS/data/datasets_clean/generalization/5grid.csv,adam,False,100,20,42,cpu,ok,,0.03,0.0,-0.1691,-0.2,58.79452853096882,33
deterministic,zero_start_lambda,fogas_full,1000,0.001,0.0001,0.05,reg_fixed,0.003,,0.3,40,zero,adam,exact,4,0.001,50,1e-10,normal,/shared/home/mauro.diaz/work/FOGAS/data/datasets_clean/generalization/5grid.csv,adam,False,100,20,42,cpu,ok,,0.03,0.0,-0.1691,-0.2,61.728929203993175,92
stochastic,zero_start_lambda,fogas_full,1000,0.001,0.0001,1.0,reg_fixed,3e-07,,0.03,40,zero,adam,exact,4,0.001,50,1e-10,normal,/shared/home/mauro.diaz/work/FOGAS/data/datasets_clean/generalization/5grid_stochastic.csv,adam,False,100,20,42,cpu,ok,,0.03,0.0,-2.0172500000000007,-2.0524000000000004,56.18037420202745,21
deterministic,reg_fixed_lambda,fogas_full,1000,0.001,0.0001,0.05,reg_fixed,1.0,,0.3,40,warm,adam,exact,4,0.001,50,1e-10,normal,/shared/home/mauro.diaz/work/FOGAS/data/datasets_clean/generalization/5grid.csv,adam,False,100,20,42,cpu,ok,,0.02,0.0,-0.1788,-0.2,61.551740032969974,89
deterministic,reg_fixed_lambda,fogas_full,1000,0.001,0.0001,0.05,reg_fixed,0.3,,0.3,40,warm,adam,exact,4,0.001,50,1e-10,normal,/shared/home/mauro.diaz/work/FOGAS/data/datasets_clean/generalization/5grid.csv,adam,False,100,20,42,cpu,ok,,0.02,0.0,-0.1788,-0.2,62.01047799596563,104
deterministic,projection_dtheta,fogas_full,1000,0.001,0.0001,0.05,projection,,0.001,0.3,40,warm,adam,exact,4,0.001,50,1e-10,normal,/shared/home/mauro.diaz/work/FOGAS/data/datasets_clean/generalization/5grid.csv,adam,False,100,20,42,cpu,ok,,0.02,0.0,-0.1788,-0.2,62.30847587896278,109
deterministic,reg_fixed_lambda,fogas_full,1000,0.001,0.0001,0.05,reg_fixed,0.03,,0.3,40,warm,adam,exact,4,0.001,50,1e-10,normal,/shared/home/mauro.diaz/work/FOGAS/data/datasets_clean/generalization/5grid.csv,adam,False,100,20,42,cpu,ok,,0.02,0.0,-0.17939999999999998,-0.2,61.16558890300803,71
deterministic,projection_dtheta,fogas_full,1000,0.001,0.0001,0.05,projection,,0.1,0.3,40,warm,adam,exact,4,0.001,50,1e-10,normal,/shared/home/mauro.diaz/work/FOGAS/data/datasets_clean/generalization/5grid.csv,adam,False,100,20,42,cpu,ok,,0.02,0.0,-0.1797,-0.2,60.67367924202699,65
stochastic,reg_fixed_lambda,fogas_full,1000,0.001,0.0001,1.0,reg_fixed,3.0,,0.03,40,warm,adam,exact,4,0.001,50,1e-10,normal,/shared/home/mauro.diaz/work/FOGAS/data/datasets_clean/generalization/5grid_stochastic.csv,adam,False,100,20,42,cpu,ok,,0.02,0.0,-2.0137000000000005,-2.020550000000001,62.219191106036305,108
deterministic,zero_start_lambda,fogas_full,1000,0.001,0.0001,0.05,reg_fixed,3e-06,,0.3,40,zero,adam,exact,4,0.001,50,1e-10,normal,/shared/home/mauro.diaz/work/FOGAS/data/datasets_clean/generalization/5grid.csv,adam,False,100,20,42,cpu,ok,,0.01,0.0,-0.1893,-0.2,59.20538040000247,36
deterministic,zero_start_lambda,fogas_full,1000,0.001,0.0001,0.05,reg_fixed,1e-06,,0.3,40,zero,adam,exact,4,0.001,50,1e-10,normal,/shared/home/mauro.diaz/work/FOGAS/data/datasets_clean/generalization/5grid.csv,adam,False,100,20,42,cpu,ok,,0.01,0.0,-0.18969999999999998,-0.2,59.67631287599215,45
deterministic,zero_start_lambda,fogas_full,1000,0.001,0.0001,0.05,reg_fixed,0.01,,0.3,40,zero,adam,exact,4,0.001,50,1e-10,normal,/shared/home/mauro.diaz/work/FOGAS/data/datasets_clean/generalization/5grid.csv,adam,False,100,20,42,cpu,ok,,0.01,0.0,-0.18969999999999998,-0.2,60.213839619013015,50
stochastic,reg_fixed_lambda,fogas_full,1000,0.001,0.0001,1.0,reg_fixed,0.0003,,0.03,40,warm,adam,exact,4,0.001,50,1e-10,normal,/shared/home/mauro.diaz/work/FOGAS/data/datasets_clean/generalization/5grid_stochastic.csv,adam,False,100,20,42,cpu,ok,,0.01,0.0,-2.0288000000000004,-1.9950500000000009,61.47293507697759,88
stochastic,reg_fixed_inner_steps,fogas_full,1000,0.001,0.0001,1.0,reg_fixed,0.0001,,0.03,10,warm,adam,exact,4,0.001,50,1e-10,normal,/shared/home/mauro.diaz/work/FOGAS/data/datasets_clean/generalization/5grid_stochastic.csv,adam,False,100,20,42,cpu,ok,,0.01,0.0,-1.9916500000000006,-2.0004500000000003,52.65207600197755,8
stochastic,reg_fixed_lambda,fogas_full,1000,0.001,0.0001,1.0,reg_fixed,0.0001,,0.03,40,warm,adam,exact,4,0.001,50,1e-10,normal,/shared/home/mauro.diaz/work/FOGAS/data/datasets_clean/generalization/5grid_stochastic.csv,adam,False,100,20,42,cpu,ok,,0.01,0.0,-1.997,-2.0009,55.39331419498194,16
stochastic,reg_fixed_inner_steps,fogas_full,1000,0.001,0.0001,1.0,reg_fixed,0.0001,,0.03,40,warm,adam,exact,4,0.001,50,1e-10,normal,/shared/home/mauro.diaz/work/FOGAS/data/datasets_clean/generalization/5grid_stochastic.csv,adam,False,100,20,42,cpu,ok,,0.01,0.0,-1.997,-2.0009,59.493505394028034,43
stochastic,reg_fixed_baseline,fogas_full,1000,0.001,0.0001,1.0,reg_fixed,0.0001,,0.03,40,warm,adam,exact,4,0.001,50,1e-10,normal,/shared/home/mauro.diaz/work/FOGAS/data/datasets_clean/generalization/5grid_stochastic.csv,adam,False,100,20,42,cpu,ok,,0.01,0.0,-1.997,-2.0009,62.07024979800917,105
stochastic,reg_fixed_inner_steps,fogas_full,1000,0.001,0.0001,1.0,reg_fixed,0.0001,,0.03,20,warm,adam,exact,4,0.001,50,1e-10,normal,/shared/home/mauro.diaz/work/FOGAS/data/datasets_clean/generalization/5grid_stochastic.csv,adam,False,100,20,42,cpu,ok,,0.01,0.0,-1.9889000000000003,-2.00315,57.194896867033094,28
stochastic,reg_fixed_inner_steps,fogas_full,1000,0.001,0.0001,1.0,reg_fixed,0.0001,,0.03,2,warm,adam,exact,4,0.001,50,1e-10,normal,/shared/home/mauro.diaz/work/FOGAS/data/datasets_clean/generalization/5grid_stochastic.csv,adam,False,100,20,42,cpu,ok,,0.01,0.0,-2.0099500000000003,-2.00665,48.51895203295862,5
stochastic,zero_start_lambda,fogas_full,1000,0.001,0.0001,1.0,reg_fixed,3e-06,,0.03,40,zero,adam,exact,4,0.001,50,1e-10,normal,/shared/home/mauro.diaz/work/FOGAS/data/datasets_clean/generalization/5grid_stochastic.csv,adam,False,100,20,42,cpu,ok,,0.01,0.0,-2.0775500000000005,-2.0345,55.48889143101405,18
stochastic,reg_fixed_lambda,fogas_full,1000,0.001,0.0001,1.0,reg_fixed,10.0,,0.03,40,warm,adam,exact,4,0.001,50,1e-10,normal,/shared/home/mauro.diaz/work/FOGAS/data/datasets_clean/generalization/5grid_stochastic.csv,adam,False,100,20,42,cpu,ok,,0.01,0.0,-2.0040500000000008,-2.034700000000001,58.58835310296854,31
deterministic,zero_start_inner_steps,fogas_full,1000,0.001,0.0001,0.05,reg_fixed,0.001,,0.3,1,zero,adam,exact,4,0.001,50,1e-10,normal,/shared/home/mauro.diaz/work/FOGAS/data/datasets_clean/generalization/5grid.csv,adam,False,100,20,42,cpu,ok,,0.0,0.0,-0.2,-0.2,46.681446331960615,2
deterministic,zero_start_inner_steps,fogas_full,1000,0.001,0.0001,0.05,reg_fixed,0.001,,0.3,5,zero,adam,exact,4,0.001,50,1e-10,normal,/shared/home/mauro.diaz/work/FOGAS/data/datasets_clean/generalization/5grid.csv,adam,False,100,20,42,cpu,ok,,0.0,0.0,-0.2,-0.2,47.88046561804367,4
deterministic,reg_fixed_lambda,fogas_full,1000,0.001,0.0001,0.05,reg_fixed,1e-05,,0.3,40,warm,adam,exact,4,0.001,50,1e-10,normal,/shared/home/mauro.diaz/work/FOGAS/data/datasets_clean/generalization/5grid.csv,adam,False,100,20,42,cpu,ok,,0.0,0.0,-0.2,-0.2,59.18297329201596,35
deterministic,zero_start_lambda,fogas_full,1000,0.001,0.0001,0.05,reg_fixed,1e-05,,0.3,40,zero,adam,exact,4,0.001,50,1e-10,normal,/shared/home/mauro.diaz/work/FOGAS/data/datasets_clean/generalization/5grid.csv,adam,False,100,20,42,cpu,ok,,0.0,0.0,-0.2,-0.2,59.42091732699191,39
deterministic,reg_fixed_lambda,fogas_full,1000,0.001,0.0001,0.05,reg_fixed,1e-06,,0.3,40,warm,adam,exact,4,0.001,50,1e-10,normal,/shared/home/mauro.diaz/work/FOGAS/data/datasets_clean/generalization/5grid.csv,adam,False,100,20,42,cpu,ok,,0.0,0.0,-0.2,-0.2,59.67999852995854,46
deterministic,reg_fixed_lambda,fogas_full,1000,0.001,0.0001,0.05,reg_fixed,3e-06,,0.3,40,warm,adam,exact,4,0.001,50,1e-10,normal,/shared/home/mauro.diaz/work/FOGAS/data/datasets_clean/generalization/5grid.csv,adam,False,100,20,42,cpu,ok,,0.0,0.0,-0.2,-0.2,61.36316288402304,81
deterministic,projection_dtheta,fogas_full,1000,0.001,0.0001,0.05,projection,,1.0,0.3,40,warm,adam,exact,4,0.001,50,1e-10,normal,/shared/home/mauro.diaz/work/FOGAS/data/datasets_clean/generalization/5grid.csv,adam,False,100,20,42,cpu,ok,,0.0,0.0,-0.2,-0.2,61.413819014967885,86
deterministic,projection_dtheta,fogas_full,1000,0.001,0.0001,0.05,projection,,3.0,0.3,40,warm,adam,exact,4,0.001,50,1e-10,normal,/shared/home/mauro.diaz/work/FOGAS/data/datasets_clean/generalization/5grid.csv,adam,False,100,20,42,cpu,ok,,0.0,0.0,-0.2,-0.2,61.82064815599006,97
deterministic,reg_fixed_lambda,fogas_full,1000,0.001,0.0001,0.05,reg_fixed,3e-05,,0.3,40,warm,adam,exact,4,0.001,50,1e-10,normal,/shared/home/mauro.diaz/work/FOGAS/data/datasets_clean/generalization/5grid.csv,adam,False,100,20,42,cpu,ok,,0.0,0.0,-0.2,-0.2,62.10717367200414,106
deterministic,projection_dtheta,fogas_full,1000,0.001,0.0001,0.05,projection,,0.3,0.3,40,warm,adam,exact,4,0.001,50,1e-10,normal,/shared/home/mauro.diaz/work/FOGAS/data/datasets_clean/generalization/5grid.csv,adam,False,100,20,42,cpu,ok,,0.0,0.0,-0.2,-0.2,62.47713585203746,112
deterministic,reg_fixed_lambda,fogas_full,1000,0.001,0.0001,0.05,reg_fixed,0.1,,0.3,40,warm,adam,exact,4,0.001,50,1e-10,normal,/shared/home/mauro.diaz/work/FOGAS/data/datasets_clean/generalization/5grid.csv,adam,False,100,20,42,cpu,ok,,0.0,0.0,-0.2,-0.2,63.015580382954795,119
stochastic,zero_start_inner_steps,fogas_full,1000,0.001,0.0001,1.0,reg_fixed,0.0001,,0.03,160,zero,adam,exact,4,0.001,50,1e-10,normal,/shared/home/mauro.diaz/work/FOGAS/data/datasets_clean/generalization/5grid_stochastic.csv,adam,False,100,20,42,cpu,ok,,0.0,0.0,-2.0024500000000005,-1.9950500000000009,36.21659452596214,134
stochastic,reg_fixed_inner_steps,fogas_full,1000,0.001,0.0001,1.0,reg_fixed,0.0001,,0.03,1,warm,adam,exact,4,0.001,50,1e-10,normal,/shared/home/mauro.diaz/work/FOGAS/data/datasets_clean/generalization/5grid_stochastic.csv,adam,False,100,20,42,cpu,ok,,0.0,0.0,-2.0044500000000003,-1.9966500000000007,47.309212246967945,3
stochastic,reg_fixed_lambda,fogas_full,1000,0.001,0.0001,1.0,reg_fixed,1e-05,,0.03,40,warm,adam,exact,4,0.001,50,1e-10,normal,/shared/home/mauro.diaz/work/FOGAS/data/datasets_clean/generalization/5grid_stochastic.csv,adam,False,100,20,42,cpu,ok,,0.0,0.0,-1.9888000000000006,-2.0004500000000003,61.334841898002196,85
stochastic,reg_fixed_inner_steps,fogas_full,1000,0.001,0.0001,1.0,reg_fixed,0.0001,,0.03,5,warm,adam,exact,4,0.001,50,1e-10,normal,/shared/home/mauro.diaz/work/FOGAS/data/datasets_clean/generalization/5grid_stochastic.csv,adam,False,100,20,42,cpu,ok,,0.0,0.0,-2.0008500000000002,-2.0004500000000003,50.26205631601624,7
stochastic,reg_fixed_inner_steps,fogas_full,1000,0.001,0.0001,1.0,reg_fixed,0.0001,,0.03,160,warm,adam,exact,4,0.001,50,1e-10,normal,/shared/home/mauro.diaz/work/FOGAS/data/datasets_clean/generalization/5grid_stochastic.csv,adam,False,100,20,42,cpu,ok,,0.0,0.0,-2.0140000000000002,-2.0004500000000007,71.08251038799062,129
stochastic,reg_fixed_inner_steps,fogas_full,1000,0.001,0.0001,1.0,reg_fixed,0.0001,,0.03,80,warm,adam,exact,4,0.001,50,1e-10,normal,/shared/home/mauro.diaz/work/FOGAS/data/datasets_clean/generalization/5grid_stochastic.csv,adam,False,100,20,42,cpu,ok,,0.0,0.0,-2.0188,-2.0004500000000007,62.766457960999105,116
stochastic,zero_start_lambda,fogas_full,1000,0.001,0.0001,1.0,reg_fixed,10.0,,0.03,40,zero,adam,exact,4,0.001,50,1e-10,normal,/shared/home/mauro.diaz/work/FOGAS/data/datasets_clean/generalization/5grid_stochastic.csv,adam,False,100,20,42,cpu,ok,,0.0,0.0,-2.0027000000000004,-2.0013500000000004,55.376043481053784,17
stochastic,zero_start_lambda,fogas_full,1000,0.001,0.0001,1.0,reg_fixed,1.0,,0.03,40,zero,adam,exact,4,0.001,50,1e-10,normal,/shared/home/mauro.diaz/work/FOGAS/data/datasets_clean/generalization/5grid_stochastic.csv,adam,False,100,20,42,cpu,ok,,0.0,0.0,-2.002700000000001,-2.0013500000000004,62.70183524704771,115
stochastic,zero_start_lambda,fogas_full,1000,0.001,0.0001,1.0,reg_fixed,3.0,,0.03,40,zero,adam,exact,4,0.001,50,1e-10,normal,/shared/home/mauro.diaz/work/FOGAS/data/datasets_clean/generalization/5grid_stochastic.csv,adam,False,100,20,42,cpu,ok,,0.0,0.0,-2.0036000000000005,-2.0013500000000004,55.78255367203383,20
stochastic,zero_start_lambda,fogas_full,1000,0.001,0.0001,1.0,reg_fixed,0.3,,0.03,40,zero,adam,exact,4,0.001,50,1e-10,normal,/shared/home/mauro.diaz/work/FOGAS/data/datasets_clean/generalization/5grid_stochastic.csv,adam,False,100,20,42,cpu,ok,,0.0,0.0,-2.0182000000000007,-2.0026500000000005,59.45773029199336,42
stochastic,reg_fixed_lambda,fogas_full,1000,0.001,0.0001,1.0,reg_fixed,3e-05,,0.03,40,warm,adam,exact,4,0.001,50,1e-10,normal,/shared/home/mauro.diaz/work/FOGAS/data/datasets_clean/generalization/5grid_stochastic.csv,adam,False,100,20,42,cpu,ok,,0.0,0.0,-1.9961500000000003,-2.00315,61.76653406099649,98
stochastic,zero_start_inner_steps,fogas_full,1000,0.001,0.0001,1.0,reg_fixed,0.0001,,0.03,80,zero,adam,exact,4,0.001,50,1e-10,normal,/shared/home/mauro.diaz/work/FOGAS/data/datasets_clean/generalization/5grid_stochastic.csv,adam,False,100,20,42,cpu,ok,,0.0,0.0,-2.0024500000000005,-2.0097000000000005,25.447943302046042,133
stochastic,zero_start_inner_steps,fogas_full,1000,0.001,0.0001,1.0,reg_fixed,0.0001,,0.03,40,zero,adam,exact,4,0.001,50,1e-10,normal,/shared/home/mauro.diaz/work/FOGAS/data/datasets_clean/generalization/5grid_stochastic.csv,adam,False,100,20,42,cpu,ok,,0.0,0.0,-2.0229000000000004,-2.0097000000000005,21.185936161025893,130
stochastic,reg_fixed_start_zero,fogas_full,1000,0.001,0.0001,1.0,reg_fixed,0.0001,,0.03,40,zero,adam,exact,4,0.001,50,1e-10,normal,/shared/home/mauro.diaz/work/FOGAS/data/datasets_clean/generalization/5grid_stochastic.csv,adam,False,100,20,42,cpu,ok,,0.0,0.0,-2.0229000000000004,-2.0097000000000005,59.625961096957326,44
stochastic,zero_start_lambda,fogas_full,1000,0.001,0.0001,1.0,reg_fixed,0.0001,,0.03,40,zero,adam,exact,4,0.001,50,1e-10,normal,/shared/home/mauro.diaz/work/FOGAS/data/datasets_clean/generalization/5grid_stochastic.csv,adam,False,100,20,42,cpu,ok,,0.0,0.0,-2.0229000000000004,-2.0097000000000005,59.992075100017246,48
stochastic,zero_start_lambda,fogas_full,1000,0.001,0.0001,1.0,reg_fixed,3e-05,,0.03,40,zero,adam,exact,4,0.001,50,1e-10,normal,/shared/home/mauro.diaz/work/FOGAS/data/datasets_clean/generalization/5grid_stochastic.csv,adam,False,100,20,42,cpu,ok,,0.0,0.0,-2.0482000000000005,-2.0097000000000005,54.94491640699562,15
stochastic,zero_start_lambda,fogas_full,1000,0.001,0.0001,1.0,reg_fixed,1e-05,,0.03,40,zero,adam,exact,4,0.001,50,1e-10,normal,/shared/home/mauro.diaz/work/FOGAS/data/datasets_clean/generalization/5grid_stochastic.csv,adam,False,100,20,42,cpu,ok,,0.0,0.0,-2.0521000000000003,-2.0345,57.61081322398968,29
stochastic,zero_start_lambda,fogas_full,1000,0.001,0.0001,1.0,reg_fixed,0.1,,0.03,40,zero,adam,exact,4,0.001,50,1e-10,normal,/shared/home/mauro.diaz/work/FOGAS/data/datasets_clean/generalization/5grid_stochastic.csv,adam,False,100,20,42,cpu,ok,,0.0,0.0,-2.03595,-2.0772500000000007,54.62013239401858,13
