ok,run_id,config_id,seed,device,seconds,episodes_completed,stopped_early,stop_reason,episodes,collect_per_episode,updates_per_episode,initial_collect_steps,max_buffer_size,tau,rollout_length,lambda_entropy,eta,lr_value,lr_rho,lr_policy,fisher_damping,batch_size,epsilon,eval_return_mean,eval_return_std,eval_return_median,eval_return_min,eval_return_max,eval_length_mean,eval_done_rate,eval_success_rate,score,mean_best_prob,min_best_prob,mean_entropy,best_actions,best_probs,last_objective,last_primal_mse,last_dual_mse,last_theta_grad_norm,last_beta_grad_norm,last_policy_grad_norm,tail_objective_mean,tail_objective_std,tail_primal_mse_mean,tail_primal_mse_std,tail_dual_mse_mean,tail_dual_mse_std,tail_policy_grad_mean,tail_policy_grad_std,tail_theta_grad_mean,tail_theta_grad_std,eval_history,error
True,0,0,42,cuda:0,216.4786400794983,400,False,,400,20,10,512,12000,1000.0,3,0.02,0.1,0.001,0.003,0.001,0.03,256,0.3,-0.9999734386011134,2.224156070299059e-16,-0.9999734386011132,-0.9999734386011132,-0.9999734386011132,100.0,0.0,0.0,-1.0002262779127316,0.2702293384075165,0.2531602084636688,1.383800983428955,"[0, 3, 3, 3, 0, 0, 3, 3, 3, 1, 3, 3, 0, 3, 3, 0, 3, 0, 3, 1, 3, 3, 3, 3, 3]","[0.26993387937545776, 0.26791253685951233, 0.2604582905769348, 0.25786203145980835, 0.26402103900909424, 0.2655467987060547, 0.26955077052116394, 0.2666547894477844, 0.2824164032936096, 0.2760138213634491, 0.2654039263725281, 0.26791104674339294, 0.27677521109580994, 0.2675345838069916, 0.28937944769859314, 0.2650868594646454, 0.26769864559173584, 0.26336321234703064, 0.2531602084636688, 0.28138136863708496, 0.2661091387271881, 0.2744216322898865, 0.2651236951351166, 0.29588472843170166, 0.2761293947696686]",0.007983661256311137,0.008043426311249722,0.0005976505493858523,0.009095853888651905,0.012973661721477623,0.037510935217142105,0.008073831031490522,5.917711053774606e-05,0.008135376353263599,5.947818343558369e-05,0.0006154532177307315,2.5411519881950516e-05,0.026077698105946182,0.015676321061373726,0.01850236661673807,0.009607610100416848,"[{""eval_return_mean"": -0.9999734386011132, ""eval_return_std"": 0.0, ""eval_return_median"": -0.9999734386011132, ""eval_return_min"": -0.9999734386011132, ""eval_return_max"": -0.9999734386011132, ""eval_length_mean"": 100.0, ""eval_done_rate"": 0.0, ""eval_success_rate"": 0.0, ""episode"": 50}, {""eval_return_mean"": -0.9999734386011132, ""eval_return_std"": 0.0, ""eval_return_median"": -0.9999734386011132, ""eval_return_min"": -0.9999734386011132, ""eval_return_max"": -0.9999734386011132, ""eval_length_mean"": 100.0, ""eval_done_rate"": 0.0, ""eval_success_rate"": 0.0, ""episode"": 100}, {""eval_return_mean"": -0.9999734386011132, ""eval_return_std"": 0.0, ""eval_return_median"": -0.9999734386011132, ""eval_return_min"": -0.9999734386011132, ""eval_return_max"": -0.9999734386011132, ""eval_length_mean"": 100.0, ""eval_done_rate"": 0.0, ""eval_success_rate"": 0.0, ""episode"": 150}, {""eval_return_mean"": -0.9999734386011132, ""eval_return_std"": 0.0, ""eval_return_median"": -0.9999734386011132, ""eval_return_min"": -0.9999734386011132, ""eval_return_max"": -0.9999734386011132, ""eval_length_mean"": 100.0, ""eval_done_rate"": 0.0, ""eval_success_rate"": 0.0, ""episode"": 200}, {""eval_return_mean"": -0.9999734386011132, ""eval_return_std"": 0.0, ""eval_return_median"": -0.9999734386011132, ""eval_return_min"": -0.9999734386011132, ""eval_return_max"": -0.9999734386011132, ""eval_length_mean"": 100.0, ""eval_done_rate"": 0.0, ""eval_success_rate"": 0.0, ""episode"": 250}, {""eval_return_mean"": -0.9999734386011132, ""eval_return_std"": 0.0, ""eval_return_median"": -0.9999734386011132, ""eval_return_min"": -0.9999734386011132, ""eval_return_max"": -0.9999734386011132, ""eval_length_mean"": 100.0, ""eval_done_rate"": 0.0, ""eval_success_rate"": 0.0, ""episode"": 300}, {""eval_return_mean"": -0.9999734386011132, ""eval_return_std"": 0.0, ""eval_return_median"": -0.9999734386011132, ""eval_return_min"": -0.9999734386011132, ""eval_return_max"": -0.9999734386011132, ""eval_length_mean"": 100.0, ""eval_done_rate"": 0.0, ""eval_success_rate"": 0.0, ""episode"": 350}, {""eval_return_mean"": -0.9999734386011132, ""eval_return_std"": 0.0, ""eval_return_median"": -0.9999734386011132, ""eval_return_min"": -0.9999734386011132, ""eval_return_max"": -0.9999734386011132, ""eval_length_mean"": 100.0, ""eval_done_rate"": 0.0, ""eval_success_rate"": 0.0, ""episode"": 400}]",
True,1,1,42,cuda:0,216.50578546524048,400,False,,400,20,10,512,12000,1000.0,3,0.02,0.1,0.001,0.003,0.001,0.1,256,0.3,-0.9999734386011134,2.224156070299059e-16,-0.9999734386011132,-0.9999734386011132,-0.9999734386011132,100.0,0.0,0.0,-1.0002215537340913,0.2660676109790802,0.2534070909023285,1.3849215507507324,"[0, 3, 3, 0, 0, 0, 3, 3, 3, 3, 0, 3, 0, 0, 3, 0, 3, 0, 0, 2, 3, 0, 0, 3, 3]","[0.2699415683746338, 0.26678523421287537, 0.25740131735801697, 0.25509631633758545, 0.26163047552108765, 0.26489493250846863, 0.26453492045402527, 0.25975826382637024, 0.27606576681137085, 0.26407286524772644, 0.2665327787399292, 0.26462021470069885, 0.2845804691314697, 0.26034873723983765, 0.27372491359710693, 0.26829853653907776, 0.2694029211997986, 0.2674253582954407, 0.2534070909023285, 0.26036912202835083, 0.2670609652996063, 0.2622227966785431, 0.2699500620365143, 0.27669331431388855, 0.2668713331222534]",0.007269892596525431,0.0073291345366248255,0.0005924194009939467,0.01026958770966157,0.011221430231031103,0.03642018511891365,0.007354719475301645,5.652136737076095e-05,0.007414173126705884,5.671504734201788e-05,0.0005945365140423991,2.698977826138629e-05,0.023248701533302666,0.014802871078901325,0.01838874980347918,0.010008642218862789,"[{""eval_return_mean"": -0.9999734386011132, ""eval_return_std"": 0.0, ""eval_return_median"": -0.9999734386011132, ""eval_return_min"": -0.9999734386011132, ""eval_return_max"": -0.9999734386011132, ""eval_length_mean"": 100.0, ""eval_done_rate"": 0.0, ""eval_success_rate"": 0.0, ""episode"": 50}, {""eval_return_mean"": -0.9999734386011132, ""eval_return_std"": 0.0, ""eval_return_median"": -0.9999734386011132, ""eval_return_min"": -0.9999734386011132, ""eval_return_max"": -0.9999734386011132, ""eval_length_mean"": 100.0, ""eval_done_rate"": 0.0, ""eval_success_rate"": 0.0, ""episode"": 100}, {""eval_return_mean"": -0.9999734386011132, ""eval_return_std"": 0.0, ""eval_return_median"": -0.9999734386011132, ""eval_return_min"": -0.9999734386011132, ""eval_return_max"": -0.9999734386011132, ""eval_length_mean"": 100.0, ""eval_done_rate"": 0.0, ""eval_success_rate"": 0.0, ""episode"": 150}, {""eval_return_mean"": -0.9999734386011132, ""eval_return_std"": 0.0, ""eval_return_median"": -0.9999734386011132, ""eval_return_min"": -0.9999734386011132, ""eval_return_max"": -0.9999734386011132, ""eval_length_mean"": 100.0, ""eval_done_rate"": 0.0, ""eval_success_rate"": 0.0, ""episode"": 200}, {""eval_return_mean"": -0.9999734386011132, ""eval_return_std"": 0.0, ""eval_return_median"": -0.9999734386011132, ""eval_return_min"": -0.9999734386011132, ""eval_return_max"": -0.9999734386011132, ""eval_length_mean"": 100.0, ""eval_done_rate"": 0.0, ""eval_success_rate"": 0.0, ""episode"": 250}, {""eval_return_mean"": -0.9999734386011132, ""eval_return_std"": 0.0, ""eval_return_median"": -0.9999734386011132, ""eval_return_min"": -0.9999734386011132, ""eval_return_max"": -0.9999734386011132, ""eval_length_mean"": 100.0, ""eval_done_rate"": 0.0, ""eval_success_rate"": 0.0, ""episode"": 300}, {""eval_return_mean"": -0.9999734386011132, ""eval_return_std"": 0.0, ""eval_return_median"": -0.9999734386011132, ""eval_return_min"": -0.9999734386011132, ""eval_return_max"": -0.9999734386011132, ""eval_length_mean"": 100.0, ""eval_done_rate"": 0.0, ""eval_success_rate"": 0.0, ""episode"": 350}, {""eval_return_mean"": -0.9999734386011132, ""eval_return_std"": 0.0, ""eval_return_median"": -0.9999734386011132, ""eval_return_min"": -0.9999734386011132, ""eval_return_max"": -0.9999734386011132, ""eval_length_mean"": 100.0, ""eval_done_rate"": 0.0, ""eval_success_rate"": 0.0, ""episode"": 400}]",
True,2,2,42,cuda:0,176.93944811820984,400,False,,400,20,10,512,12000,1000.0,3,0.02,0.1,0.001,0.003,0.001,0.3,256,0.3,-0.9999734386011134,2.224156070299059e-16,-0.9999734386011132,-0.9999734386011132,-0.9999734386011132,100.0,0.0,0.0,-1.000169019767013,0.2663008534908295,0.25488516688346863,1.3848435878753662,"[0, 3, 3, 0, 0, 0, 3, 0, 3, 3, 0, 3, 0, 0, 3, 0, 3, 0, 0, 2, 3, 0, 0, 3, 3]","[0.2715457081794739, 0.26513880491256714, 0.25488516688346863, 0.2575956881046295, 0.2625006139278412, 0.2662261426448822, 0.2615911364555359, 0.25869104266166687, 0.2729603052139282, 0.26078084111213684, 0.26940831542015076, 0.26213815808296204, 0.28838297724723816, 0.260092169046402, 0.26959747076034546, 0.2706720232963562, 0.268466591835022, 0.27011731266975403, 0.25567755103111267, 0.2693948745727539, 0.26560428738594055, 0.2666948437690735, 0.27590659260749817, 0.2702527344226837, 0.26319998502731323]",0.005703327730236027,0.005766327777843034,0.0006300004760700628,0.0141465850011694,0.011539181181812947,0.03871871903538704,0.005774968727044907,5.309672820373938e-05,0.005835583380992572,5.3659660590283025e-05,0.0006061465394766461,2.4402227669457625e-05,0.01793318078154698,0.01122079954872193,0.016170728566827556,0.008337317041221964,"[{""eval_return_mean"": -0.9999734386011132, ""eval_return_std"": 0.0, ""eval_return_median"": -0.9999734386011132, ""eval_return_min"": -0.9999734386011132, ""eval_return_max"": -0.9999734386011132, ""eval_length_mean"": 100.0, ""eval_done_rate"": 0.0, ""eval_success_rate"": 0.0, ""episode"": 50}, {""eval_return_mean"": -0.9999734386011132, ""eval_return_std"": 0.0, ""eval_return_median"": -0.9999734386011132, ""eval_return_min"": -0.9999734386011132, ""eval_return_max"": -0.9999734386011132, ""eval_length_mean"": 100.0, ""eval_done_rate"": 0.0, ""eval_success_rate"": 0.0, ""episode"": 100}, {""eval_return_mean"": -0.9999734386011132, ""eval_return_std"": 0.0, ""eval_return_median"": -0.9999734386011132, ""eval_return_min"": -0.9999734386011132, ""eval_return_max"": -0.9999734386011132, ""eval_length_mean"": 100.0, ""eval_done_rate"": 0.0, ""eval_success_rate"": 0.0, ""episode"": 150}, {""eval_return_mean"": -0.9999734386011132, ""eval_return_std"": 0.0, ""eval_return_median"": -0.9999734386011132, ""eval_return_min"": -0.9999734386011132, ""eval_return_max"": -0.9999734386011132, ""eval_length_mean"": 100.0, ""eval_done_rate"": 0.0, ""eval_success_rate"": 0.0, ""episode"": 200}, {""eval_return_mean"": -0.9999734386011132, ""eval_return_std"": 0.0, ""eval_return_median"": -0.9999734386011132, ""eval_return_min"": -0.9999734386011132, ""eval_return_max"": -0.9999734386011132, ""eval_length_mean"": 100.0, ""eval_done_rate"": 0.0, ""eval_success_rate"": 0.0, ""episode"": 250}, {""eval_return_mean"": -0.9999734386011132, ""eval_return_std"": 0.0, ""eval_return_median"": -0.9999734386011132, ""eval_return_min"": -0.9999734386011132, ""eval_return_max"": -0.9999734386011132, ""eval_length_mean"": 100.0, ""eval_done_rate"": 0.0, ""eval_success_rate"": 0.0, ""episode"": 300}, {""eval_return_mean"": -0.9999734386011132, ""eval_return_std"": 0.0, ""eval_return_median"": -0.9999734386011132, ""eval_return_min"": -0.9999734386011132, ""eval_return_max"": -0.9999734386011132, ""eval_length_mean"": 100.0, ""eval_done_rate"": 0.0, ""eval_success_rate"": 0.0, ""episode"": 350}, {""eval_return_mean"": -0.9999734386011132, ""eval_return_std"": 0.0, ""eval_return_median"": -0.9999734386011132, ""eval_return_min"": -0.9999734386011132, ""eval_return_max"": -0.9999734386011132, ""eval_length_mean"": 100.0, ""eval_done_rate"": 0.0, ""eval_success_rate"": 0.0, ""episode"": 400}]",
True,3,3,42,cuda:0,195.16997504234314,400,False,,400,20,10,512,12000,1000.0,3,0.02,0.1,0.001,0.003,0.003,0.03,256,0.3,-0.04340619999999995,0.0,-0.04340619999999995,-0.04340619999999995,-0.04340619999999995,8.0,1.0,1.0,-0.04384016771263826,0.3943827068805695,0.2748800814151764,1.2505253553390503,"[3, 3, 3, 1, 3, 3, 1, 1, 3, 1, 3, 1, 1, 3, 1, 3, 1, 1, 1, 1, 3, 3, 3, 3, 1]","[0.2830412685871124, 0.28986290097236633, 0.3058461546897888, 0.31735140085220337, 0.2748800814151764, 0.2779853045940399, 0.43113094568252563, 0.3539755046367645, 0.3785647749900818, 0.5425530076026917, 0.2754944860935211, 0.2947688400745392, 0.40780723094940186, 0.4596754312515259, 0.7223250865936279, 0.2976780831813812, 0.32348549365997314, 0.4583105444908142, 0.33583250641822815, 0.8431891202926636, 0.291953444480896, 0.3858356773853302, 0.4487328827381134, 0.48083263635635376, 0.37845486402511597]",0.018885164358210818,0.018986151041721744,0.0010098668351092644,0.021719124618812497,0.018420410476195408,0.0930253341794014,0.018804532717389588,0.00012714045549939385,0.01890681647074006,0.00012667108801180492,0.0010228375335047486,2.7191201534485258e-05,0.10453552041202784,0.03138305172759966,0.031166302086224215,0.012013719536231768,"[{""eval_return_mean"": -0.9999734386011132, ""eval_return_std"": 0.0, ""eval_return_median"": -0.9999734386011132, ""eval_return_min"": -0.9999734386011132, ""eval_return_max"": -0.9999734386011132, ""eval_length_mean"": 100.0, ""eval_done_rate"": 0.0, ""eval_success_rate"": 0.0, ""episode"": 50}, {""eval_return_mean"": -0.9999734386011132, ""eval_return_std"": 0.0, ""eval_return_median"": -0.9999734386011132, ""eval_return_min"": -0.9999734386011132, ""eval_return_max"": -0.9999734386011132, ""eval_length_mean"": 100.0, ""eval_done_rate"": 0.0, ""eval_success_rate"": 0.0, ""episode"": 100}, {""eval_return_mean"": -0.04340619999999995, ""eval_return_std"": 0.0, ""eval_return_median"": -0.04340619999999995, ""eval_return_min"": -0.04340619999999995, ""eval_return_max"": -0.04340619999999995, ""eval_length_mean"": 8.0, ""eval_done_rate"": 1.0, ""eval_success_rate"": 1.0, ""episode"": 150}, {""eval_return_mean"": -0.04340619999999995, ""eval_return_std"": 0.0, ""eval_return_median"": -0.04340619999999995, ""eval_return_min"": -0.04340619999999995, ""eval_return_max"": -0.04340619999999995, ""eval_length_mean"": 8.0, ""eval_done_rate"": 1.0, ""eval_success_rate"": 1.0, ""episode"": 200}, {""eval_return_mean"": -0.04340619999999995, ""eval_return_std"": 0.0, ""eval_return_median"": -0.04340619999999995, ""eval_return_min"": -0.04340619999999995, ""eval_return_max"": -0.04340619999999995, ""eval_length_mean"": 8.0, ""eval_done_rate"": 1.0, ""eval_success_rate"": 1.0, ""episode"": 250}, {""eval_return_mean"": -0.04340619999999995, ""eval_return_std"": 0.0, ""eval_return_median"": -0.04340619999999995, ""eval_return_min"": -0.04340619999999995, ""eval_return_max"": -0.04340619999999995, ""eval_length_mean"": 8.0, ""eval_done_rate"": 1.0, ""eval_success_rate"": 1.0, ""episode"": 300}, {""eval_return_mean"": -0.04340619999999995, ""eval_return_std"": 0.0, ""eval_return_median"": -0.04340619999999995, ""eval_return_min"": -0.04340619999999995, ""eval_return_max"": -0.04340619999999995, ""eval_length_mean"": 8.0, ""eval_done_rate"": 1.0, ""eval_success_rate"": 1.0, ""episode"": 350}, {""eval_return_mean"": -0.04340619999999995, ""eval_return_std"": 0.0, ""eval_return_median"": -0.04340619999999995, ""eval_return_min"": -0.04340619999999995, ""eval_return_max"": -0.04340619999999995, ""eval_length_mean"": 8.0, ""eval_done_rate"": 1.0, ""eval_success_rate"": 1.0, ""episode"": 400}]",
True,4,4,42,cuda:0,203.138023853302,400,False,,400,20,10,512,12000,1000.0,3,0.02,0.1,0.001,0.003,0.003,0.1,256,0.3,-0.04340619999999995,0.0,-0.04340619999999995,-0.04340619999999995,-0.04340619999999995,8.0,1.0,1.0,-0.04369772045457412,0.2863285803794861,0.27276572585105896,1.3781901597976685,"[3, 3, 3, 1, 3, 3, 1, 3, 3, 1, 3, 3, 1, 3, 1, 3, 3, 1, 1, 1, 3, 3, 3, 3, 3]","[0.2753455936908722, 0.2819513976573944, 0.2777214050292969, 0.28403234481811523, 0.27470114827156067, 0.2751234173774719, 0.2941494584083557, 0.2801187336444855, 0.2979801893234253, 0.3091127574443817, 0.2781848609447479, 0.28103893995285034, 0.27644115686416626, 0.2867365777492523, 0.3234198987483978, 0.2773514688014984, 0.27925825119018555, 0.27276572585105896, 0.27950987219810486, 0.3162006437778473, 0.2799263596534729, 0.285953164100647, 0.2771779000759125, 0.30561134219169617, 0.28840190172195435]",0.01024535283177363,0.010311077163650177,0.0006572433187654621,0.015097386007962918,0.008436938528298032,0.0379958413541317,0.010372559397186685,7.99475744503033e-05,0.01043778875389582,7.89064526347376e-05,0.0006522935670913722,2.3262327949588508e-05,0.03130952890962362,0.017302786633088558,0.02181203917898983,0.011849258824328164,"[{""eval_return_mean"": -0.9999734386011132, ""eval_return_std"": 0.0, ""eval_return_median"": -0.9999734386011132, ""eval_return_min"": -0.9999734386011132, ""eval_return_max"": -0.9999734386011132, ""eval_length_mean"": 100.0, ""eval_done_rate"": 0.0, ""eval_success_rate"": 0.0, ""episode"": 50}, {""eval_return_mean"": -0.9999734386011132, ""eval_return_std"": 0.0, ""eval_return_median"": -0.9999734386011132, ""eval_return_min"": -0.9999734386011132, ""eval_return_max"": -0.9999734386011132, ""eval_length_mean"": 100.0, ""eval_done_rate"": 0.0, ""eval_success_rate"": 0.0, ""episode"": 100}, {""eval_return_mean"": -0.9999734386011132, ""eval_return_std"": 0.0, ""eval_return_median"": -0.9999734386011132, ""eval_return_min"": -0.9999734386011132, ""eval_return_max"": -0.9999734386011132, ""eval_length_mean"": 100.0, ""eval_done_rate"": 0.0, ""eval_success_rate"": 0.0, ""episode"": 150}, {""eval_return_mean"": -0.9999734386011132, ""eval_return_std"": 0.0, ""eval_return_median"": -0.9999734386011132, ""eval_return_min"": -0.9999734386011132, ""eval_return_max"": -0.9999734386011132, ""eval_length_mean"": 100.0, ""eval_done_rate"": 0.0, ""eval_success_rate"": 0.0, ""episode"": 200}, {""eval_return_mean"": -0.04340619999999995, ""eval_return_std"": 0.0, ""eval_return_median"": -0.04340619999999995, ""eval_return_min"": -0.04340619999999995, ""eval_return_max"": -0.04340619999999995, ""eval_length_mean"": 8.0, ""eval_done_rate"": 1.0, ""eval_success_rate"": 1.0, ""episode"": 250}, {""eval_return_mean"": -0.04340619999999995, ""eval_return_std"": 0.0, ""eval_return_median"": -0.04340619999999995, ""eval_return_min"": -0.04340619999999995, ""eval_return_max"": -0.04340619999999995, ""eval_length_mean"": 8.0, ""eval_done_rate"": 1.0, ""eval_success_rate"": 1.0, ""episode"": 300}, {""eval_return_mean"": -0.04340619999999995, ""eval_return_std"": 0.0, ""eval_return_median"": -0.04340619999999995, ""eval_return_min"": -0.04340619999999995, ""eval_return_max"": -0.04340619999999995, ""eval_length_mean"": 8.0, ""eval_done_rate"": 1.0, ""eval_success_rate"": 1.0, ""episode"": 350}, {""eval_return_mean"": -0.04340619999999995, ""eval_return_std"": 0.0, ""eval_return_median"": -0.04340619999999995, ""eval_return_min"": -0.04340619999999995, ""eval_return_max"": -0.04340619999999995, ""eval_length_mean"": 8.0, ""eval_done_rate"": 1.0, ""eval_success_rate"": 1.0, ""episode"": 400}]",
True,5,5,42,cuda:0,129.0350480079651,250,True,score -1.00026 below global best -0.04370 by margin 0.2,400,20,10,512,12000,1000.0,3,0.02,0.1,0.001,0.003,0.003,0.3,256,0.3,-0.9999734386011134,2.224156070299059e-16,-0.9999734386011132,-0.9999734386011132,-0.9999734386011132,100.0,0.0,0.0,-1.0002557284303053,0.27285104274749755,0.2581346035003662,1.383907437324524,"[3, 3, 3, 3, 3, 3, 3, 3, 3, 3, 3, 3, 0, 3, 3, 3, 3, 3, 3, 3, 3, 3, 3, 3, 3]","[0.2676030397415161, 0.2787114083766937, 0.2685369849205017, 0.26575538516044617, 0.2718753218650818, 0.26923635601997375, 0.27542582154273987, 0.27023184299468994, 0.28769248723983765, 0.2745058834552765, 0.2769966423511505, 0.2750755846500397, 0.273891419172287, 0.26678764820098877, 0.28554871678352356, 0.27142319083213806, 0.28047361969947815, 0.2685968577861786, 0.2606630325317383, 0.2581346035003662, 0.27756619453430176, 0.27222374081611633, 0.26049351692199707, 0.2864379584789276, 0.2773888111114502]",0.007994725512471431,0.008115113648480572,0.0012038813600914054,0.014376186755919203,0.02976785500762739,0.036143895238637924,0.007700289088226625,0.00014612836702303163,0.00781272377692648,0.00015390251537788284,0.001124346886998541,9.371547733906805e-05,0.024793863533996045,0.016723695046450427,0.019909451261009875,0.011505287872724866,"[{""eval_return_mean"": -0.9999734386011132, ""eval_return_std"": 0.0, ""eval_return_median"": -0.9999734386011132, ""eval_return_min"": -0.9999734386011132, ""eval_return_max"": -0.9999734386011132, ""eval_length_mean"": 100.0, ""eval_done_rate"": 0.0, ""eval_success_rate"": 0.0, ""episode"": 50}, {""eval_return_mean"": -0.9999734386011132, ""eval_return_std"": 0.0, ""eval_return_median"": -0.9999734386011132, ""eval_return_min"": -0.9999734386011132, ""eval_return_max"": -0.9999734386011132, ""eval_length_mean"": 100.0, ""eval_done_rate"": 0.0, ""eval_success_rate"": 0.0, ""episode"": 100}, {""eval_return_mean"": -0.9999734386011132, ""eval_return_std"": 0.0, ""eval_return_median"": -0.9999734386011132, ""eval_return_min"": -0.9999734386011132, ""eval_return_max"": -0.9999734386011132, ""eval_length_mean"": 100.0, ""eval_done_rate"": 0.0, ""eval_success_rate"": 0.0, ""episode"": 150}, {""eval_return_mean"": -0.9999734386011132, ""eval_return_std"": 0.0, ""eval_return_median"": -0.9999734386011132, ""eval_return_min"": -0.9999734386011132, ""eval_return_max"": -0.9999734386011132, ""eval_length_mean"": 100.0, ""eval_done_rate"": 0.0, ""eval_success_rate"": 0.0, ""episode"": 200}, {""eval_return_mean"": -0.9999734386011132, ""eval_return_std"": 0.0, ""eval_return_median"": -0.9999734386011132, ""eval_return_min"": -0.9999734386011132, ""eval_return_max"": -0.9999734386011132, ""eval_length_mean"": 100.0, ""eval_done_rate"": 0.0, ""eval_success_rate"": 0.0, ""episode"": 250}]",
True,6,6,42,cuda:0,208.17734789848328,400,False,,400,20,10,512,12000,1000.0,3,0.02,0.1,0.001,0.003,0.01,0.03,256,0.3,-0.04340619999999995,0.0,-0.04340619999999995,-0.04340619999999995,-0.04340619999999995,8.0,1.0,1.0,-0.04570488025452446,0.9208601951599121,0.5304632782936096,0.17614644765853882,"[3, 3, 3, 3, 1, 1, 1, 3, 3, 1, 3, 1, 1, 3, 1, 3, 1, 1, 1, 1, 3, 3, 3, 3, 3]","[0.7553897500038147, 0.9963299632072449, 0.9980477094650269, 0.5304632782936096, 0.9988225102424622, 0.9949186444282532, 0.9154815673828125, 0.956142783164978, 0.998555600643158, 0.9999579191207886, 0.6817225813865662, 0.9981666803359985, 0.9991082549095154, 0.9904599189758301, 0.9994673132896423, 0.7142037749290466, 0.6975741386413574, 0.9998288154602051, 0.8383758068084717, 1.0, 0.9976406097412109, 0.9998538494110107, 0.998649537563324, 1.0, 0.9623438715934753]",0.020811565026342266,0.021549213202154586,0.007376481758123182,0.04751375563618411,0.0696607434381903,0.6226498484611511,0.020890014171706238,5.5917518542057485e-05,0.021634134187355717,5.004482246742298e-05,0.007441200156494747,0.00015393804484432482,0.8183856612443924,0.21821795022405593,0.03382982354880139,0.011650075228394893,"[{""eval_return_mean"": -0.9999734386011132, ""eval_return_std"": 0.0, ""eval_return_median"": -0.9999734386011132, ""eval_return_min"": -0.9999734386011132, ""eval_return_max"": -0.9999734386011132, ""eval_length_mean"": 100.0, ""eval_done_rate"": 0.0, ""eval_success_rate"": 0.0, ""episode"": 50}, {""eval_return_mean"": -0.04340619999999995, ""eval_return_std"": 0.0, ""eval_return_median"": -0.04340619999999995, ""eval_return_min"": -0.04340619999999995, ""eval_return_max"": -0.04340619999999995, ""eval_length_mean"": 8.0, ""eval_done_rate"": 1.0, ""eval_success_rate"": 1.0, ""episode"": 100}, {""eval_return_mean"": -0.04340619999999995, ""eval_return_std"": 0.0, ""eval_return_median"": -0.04340619999999995, ""eval_return_min"": -0.04340619999999995, ""eval_return_max"": -0.04340619999999995, ""eval_length_mean"": 8.0, ""eval_done_rate"": 1.0, ""eval_success_rate"": 1.0, ""episode"": 150}, {""eval_return_mean"": -0.04340619999999995, ""eval_return_std"": 0.0, ""eval_return_median"": -0.04340619999999995, ""eval_return_min"": -0.04340619999999995, ""eval_return_max"": -0.04340619999999995, ""eval_length_mean"": 8.0, ""eval_done_rate"": 1.0, ""eval_success_rate"": 1.0, ""episode"": 200}, {""eval_return_mean"": -0.04340619999999995, ""eval_return_std"": 0.0, ""eval_return_median"": -0.04340619999999995, ""eval_return_min"": -0.04340619999999995, ""eval_return_max"": -0.04340619999999995, ""eval_length_mean"": 8.0, ""eval_done_rate"": 1.0, ""eval_success_rate"": 1.0, ""episode"": 250}, {""eval_return_mean"": -0.04340619999999995, ""eval_return_std"": 0.0, ""eval_return_median"": -0.04340619999999995, ""eval_return_min"": -0.04340619999999995, ""eval_return_max"": -0.04340619999999995, ""eval_length_mean"": 8.0, ""eval_done_rate"": 1.0, ""eval_success_rate"": 1.0, ""episode"": 300}, {""eval_return_mean"": -0.04340619999999995, ""eval_return_std"": 0.0, ""eval_return_median"": -0.04340619999999995, ""eval_return_min"": -0.04340619999999995, ""eval_return_max"": -0.04340619999999995, ""eval_length_mean"": 8.0, ""eval_done_rate"": 1.0, ""eval_success_rate"": 1.0, ""episode"": 350}, {""eval_return_mean"": -0.04340619999999995, ""eval_return_std"": 0.0, ""eval_return_median"": -0.04340619999999995, ""eval_return_min"": -0.04340619999999995, ""eval_return_max"": -0.04340619999999995, ""eval_length_mean"": 8.0, ""eval_done_rate"": 1.0, ""eval_success_rate"": 1.0, ""episode"": 400}]",
True,7,7,42,cuda:0,192.67594528198242,400,False,,400,20,10,512,12000,1000.0,3,0.02,0.1,0.001,0.003,0.01,0.1,256,0.3,-0.04340619999999995,0.0,-0.04340619999999995,-0.04340619999999995,-0.04340619999999995,8.0,1.0,1.0,-0.044448672478064076,0.6637852537631989,0.3971238434314728,0.7249881029129028,"[3, 3, 3, 1, 1, 3, 1, 1, 3, 1, 3, 1, 1, 3, 1, 3, 1, 1, 1, 1, 3, 3, 3, 3, 1]","[0.43242475390434265, 0.49412110447883606, 0.5806199908256531, 0.5453518629074097, 0.6714141368865967, 0.3971238434314728, 0.7512437105178833, 0.5366138219833374, 0.890436589717865, 0.9661434292793274, 0.4045305550098419, 0.44266900420188904, 0.7989183068275452, 0.8282400965690613, 0.9917557239532471, 0.5165948867797852, 0.655394434928894, 0.9945302605628967, 0.5686318874359131, 0.9990866184234619, 0.5179542303085327, 0.6434769034385681, 0.7207201719284058, 0.674884557723999, 0.5717504620552063]",0.03412054670505128,0.03438903569642238,0.002684889913710972,0.025491829449800725,0.04506183147359753,0.5159001350402832,0.034343384519634416,0.00011972179899206819,0.034602243333835644,0.00012185362616833161,0.0025885881420122515,0.00015462345801975401,0.5234063747525215,0.08738905727949481,0.04134886042239321,0.016858190526918317,"[{""eval_return_mean"": -0.9999734386011132, ""eval_return_std"": 0.0, ""eval_return_median"": -0.9999734386011132, ""eval_return_min"": -0.9999734386011132, ""eval_return_max"": -0.9999734386011132, ""eval_length_mean"": 100.0, ""eval_done_rate"": 0.0, ""eval_success_rate"": 0.0, ""episode"": 50}, {""eval_return_mean"": -0.9999734386011132, ""eval_return_std"": 0.0, ""eval_return_median"": -0.9999734386011132, ""eval_return_min"": -0.9999734386011132, ""eval_return_max"": -0.9999734386011132, ""eval_length_mean"": 100.0, ""eval_done_rate"": 0.0, ""eval_success_rate"": 0.0, ""episode"": 100}, {""eval_return_mean"": -0.04340619999999995, ""eval_return_std"": 0.0, ""eval_return_median"": -0.04340619999999995, ""eval_return_min"": -0.04340619999999995, ""eval_return_max"": -0.04340619999999995, ""eval_length_mean"": 8.0, ""eval_done_rate"": 1.0, ""eval_success_rate"": 1.0, ""episode"": 150}, {""eval_return_mean"": -0.04340619999999995, ""eval_return_std"": 0.0, ""eval_return_median"": -0.04340619999999995, ""eval_return_min"": -0.04340619999999995, ""eval_return_max"": -0.04340619999999995, ""eval_length_mean"": 8.0, ""eval_done_rate"": 1.0, ""eval_success_rate"": 1.0, ""episode"": 200}, {""eval_return_mean"": -0.04340619999999995, ""eval_return_std"": 0.0, ""eval_return_median"": -0.04340619999999995, ""eval_return_min"": -0.04340619999999995, ""eval_return_max"": -0.04340619999999995, ""eval_length_mean"": 8.0, ""eval_done_rate"": 1.0, ""eval_success_rate"": 1.0, ""episode"": 250}, {""eval_return_mean"": -0.04340619999999995, ""eval_return_std"": 0.0, ""eval_return_median"": -0.04340619999999995, ""eval_return_min"": -0.04340619999999995, ""eval_return_max"": -0.04340619999999995, ""eval_length_mean"": 8.0, ""eval_done_rate"": 1.0, ""eval_success_rate"": 1.0, ""episode"": 300}, {""eval_return_mean"": -0.04340619999999995, ""eval_return_std"": 0.0, ""eval_return_median"": -0.04340619999999995, ""eval_return_min"": -0.04340619999999995, ""eval_return_max"": -0.04340619999999995, ""eval_length_mean"": 8.0, ""eval_done_rate"": 1.0, ""eval_success_rate"": 1.0, ""episode"": 350}, {""eval_return_mean"": -0.04340619999999995, ""eval_return_std"": 0.0, ""eval_return_median"": -0.04340619999999995, ""eval_return_min"": -0.04340619999999995, ""eval_return_max"": -0.04340619999999995, ""eval_length_mean"": 8.0, ""eval_done_rate"": 1.0, ""eval_success_rate"": 1.0, ""episode"": 400}]",
True,8,8,42,cuda:0,181.85979676246643,400,True,score -1.00029 below global best -0.04370 by margin 0.2,400,20,10,512,12000,1000.0,3,0.02,0.1,0.001,0.003,0.01,0.3,256,0.3,-0.9999734386011134,2.224156070299059e-16,-0.9999734386011132,-0.9999734386011132,-0.9999734386011132,100.0,0.0,0.0,-1.0002894641389104,0.33954734206199644,0.3189247250556946,1.3364872932434082,"[3, 1, 3, 1, 3, 3, 1, 1, 3, 1, 3, 1, 1, 3, 1, 3, 1, 1, 1, 1, 3, 3, 3, 3, 3]","[0.32190412282943726, 0.3302593231201172, 0.32479918003082275, 0.3451327085494995, 0.3189247250556946, 0.31954726576805115, 0.3525693118572235, 0.3307284116744995, 0.35372811555862427, 0.3784259855747223, 0.32087695598602295, 0.32804033160209656, 0.3321455121040344, 0.33713439106941223, 0.39848726987838745, 0.3233879804611206, 0.33046746253967285, 0.3284289240837097, 0.3329649269580841, 0.3941326439380646, 0.3220311105251312, 0.336789071559906, 0.33034881949424744, 0.36377859115600586, 0.3336504101753235]",0.015631066631057785,0.015715729885051693,0.0008466325399390848,0.027415627704770986,0.03705325380790132,0.028669634833931923,0.015786514392959757,0.00010994568923766644,0.01587258568519884,0.00010742340352960204,0.0008607129223908687,3.977518156970449e-05,0.04013057405129075,0.019677363755090972,0.025839210815781853,0.011925190024589744,"[{""eval_return_mean"": -0.9999734386011132, ""eval_return_std"": 0.0, ""eval_return_median"": -0.9999734386011132, ""eval_return_min"": -0.9999734386011132, ""eval_return_max"": -0.9999734386011132, ""eval_length_mean"": 100.0, ""eval_done_rate"": 0.0, ""eval_success_rate"": 0.0, ""episode"": 50}, {""eval_return_mean"": -0.9999734386011132, ""eval_return_std"": 0.0, ""eval_return_median"": -0.9999734386011132, ""eval_return_min"": -0.9999734386011132, ""eval_return_max"": -0.9999734386011132, ""eval_length_mean"": 100.0, ""eval_done_rate"": 0.0, ""eval_success_rate"": 0.0, ""episode"": 100}, {""eval_return_mean"": -0.9999734386011132, ""eval_return_std"": 0.0, ""eval_return_median"": -0.9999734386011132, ""eval_return_min"": -0.9999734386011132, ""eval_return_max"": -0.9999734386011132, ""eval_length_mean"": 100.0, ""eval_done_rate"": 0.0, ""eval_success_rate"": 0.0, ""episode"": 150}, {""eval_return_mean"": -0.9999734386011132, ""eval_return_std"": 0.0, ""eval_return_median"": -0.9999734386011132, ""eval_return_min"": -0.9999734386011132, ""eval_return_max"": -0.9999734386011132, ""eval_length_mean"": 100.0, ""eval_done_rate"": 0.0, ""eval_success_rate"": 0.0, ""episode"": 200}, {""eval_return_mean"": -0.04340619999999995, ""eval_return_std"": 0.0, ""eval_return_median"": -0.04340619999999995, ""eval_return_min"": -0.04340619999999995, ""eval_return_max"": -0.04340619999999995, ""eval_length_mean"": 8.0, ""eval_done_rate"": 1.0, ""eval_success_rate"": 1.0, ""episode"": 250}, {""eval_return_mean"": -0.04340619999999995, ""eval_return_std"": 0.0, ""eval_return_median"": -0.04340619999999995, ""eval_return_min"": -0.04340619999999995, ""eval_return_max"": -0.04340619999999995, ""eval_length_mean"": 8.0, ""eval_done_rate"": 1.0, ""eval_success_rate"": 1.0, ""episode"": 300}, {""eval_return_mean"": -0.04340619999999995, ""eval_return_std"": 0.0, ""eval_return_median"": -0.04340619999999995, ""eval_return_min"": -0.04340619999999995, ""eval_return_max"": -0.04340619999999995, ""eval_length_mean"": 8.0, ""eval_done_rate"": 1.0, ""eval_success_rate"": 1.0, ""episode"": 350}, {""eval_return_mean"": -0.9999734386011132, ""eval_return_std"": 0.0, ""eval_return_median"": -0.9999734386011132, ""eval_return_min"": -0.9999734386011132, ""eval_return_max"": -0.9999734386011132, ""eval_length_mean"": 100.0, ""eval_done_rate"": 0.0, ""eval_success_rate"": 0.0, ""episode"": 400}]",
True,9,9,42,cuda:0,245.08968806266785,400,False,,400,20,10,512,12000,1000.0,3,0.002,0.1,0.001,0.003,0.003,0.1,256,0.3,-0.04340619999999995,0.0,-0.04340619999999995,-0.04340619999999995,-0.04340619999999995,8.0,1.0,1.0,-0.04375695300438455,0.31761125564575193,0.2974896728992462,1.3566802740097046,"[3, 3, 3, 1, 3, 3, 1, 1, 3, 1, 3, 1, 1, 3, 1, 3, 3, 1, 1, 1, 3, 3, 3, 3, 3]","[0.3000820279121399, 0.3139086961746216, 0.3047342598438263, 0.32806122303009033, 0.3012324571609497, 0.2974896728992462, 0.32662108540534973, 0.31143680214881897, 0.32808738946914673, 0.3515437841415405, 0.3080103099346161, 0.31266266107559204, 0.30456316471099854, 0.30692213773727417, 0.3644866347312927, 0.30616676807403564, 0.3132721185684204, 0.2996019721031189, 0.31382057070732117, 0.3624116778373718, 0.3088044822216034, 0.3155476450920105, 0.3082517385482788, 0.33848631381988525, 0.3140757977962494]",0.014637902413805791,0.01475014158938349,0.0011223917557769778,0.01726836992719514,0.018727051079111594,0.05823635309934616,0.014778302696446479,0.00010907402378983124,0.014890713617943203,0.00010667677657222171,0.0011241092149672108,4.573607092962271e-05,0.06906010124832392,0.021990372350930876,0.028316575549679764,0.013084928087528808,"[{""eval_return_mean"": -0.9999734386011132, ""eval_return_std"": 0.0, ""eval_return_median"": -0.9999734386011132, ""eval_return_min"": -0.9999734386011132, ""eval_return_max"": -0.9999734386011132, ""eval_length_mean"": 100.0, ""eval_done_rate"": 0.0, ""eval_success_rate"": 0.0, ""episode"": 50}, {""eval_return_mean"": -0.9999734386011132, ""eval_return_std"": 0.0, ""eval_return_median"": -0.9999734386011132, ""eval_return_min"": -0.9999734386011132, ""eval_return_max"": -0.9999734386011132, ""eval_length_mean"": 100.0, ""eval_done_rate"": 0.0, ""eval_success_rate"": 0.0, ""episode"": 100}, {""eval_return_mean"": -0.9999734386011132, ""eval_return_std"": 0.0, ""eval_return_median"": -0.9999734386011132, ""eval_return_min"": -0.9999734386011132, ""eval_return_max"": -0.9999734386011132, ""eval_length_mean"": 100.0, ""eval_done_rate"": 0.0, ""eval_success_rate"": 0.0, ""episode"": 150}, {""eval_return_mean"": -0.04340619999999995, ""eval_return_std"": 0.0, ""eval_return_median"": -0.04340619999999995, ""eval_return_min"": -0.04340619999999995, ""eval_return_max"": -0.04340619999999995, ""eval_length_mean"": 8.0, ""eval_done_rate"": 1.0, ""eval_success_rate"": 1.0, ""episode"": 200}, {""eval_return_mean"": -0.04340619999999995, ""eval_return_std"": 0.0, ""eval_return_median"": -0.04340619999999995, ""eval_return_min"": -0.04340619999999995, ""eval_return_max"": -0.04340619999999995, ""eval_length_mean"": 8.0, ""eval_done_rate"": 1.0, ""eval_success_rate"": 1.0, ""episode"": 250}, {""eval_return_mean"": -0.04340619999999995, ""eval_return_std"": 0.0, ""eval_return_median"": -0.04340619999999995, ""eval_return_min"": -0.04340619999999995, ""eval_return_max"": -0.04340619999999995, ""eval_length_mean"": 8.0, ""eval_done_rate"": 1.0, ""eval_success_rate"": 1.0, ""episode"": 300}, {""eval_return_mean"": -0.04340619999999995, ""eval_return_std"": 0.0, ""eval_return_median"": -0.04340619999999995, ""eval_return_min"": -0.04340619999999995, ""eval_return_max"": -0.04340619999999995, ""eval_length_mean"": 8.0, ""eval_done_rate"": 1.0, ""eval_success_rate"": 1.0, ""episode"": 350}, {""eval_return_mean"": -0.04340619999999995, ""eval_return_std"": 0.0, ""eval_return_median"": -0.04340619999999995, ""eval_return_min"": -0.04340619999999995, ""eval_return_max"": -0.04340619999999995, ""eval_length_mean"": 8.0, ""eval_done_rate"": 1.0, ""eval_success_rate"": 1.0, ""episode"": 400}]",
True,10,10,42,cuda:0,223.12684798240662,400,False,,400,20,10,512,12000,1000.0,3,0.005,0.1,0.001,0.003,0.003,0.1,256,0.3,-0.04340619999999995,0.0,-0.04340619999999995,-0.04340619999999995,-0.04340619999999995,8.0,1.0,1.0,-0.04375555194912156,0.3111294317245483,0.2931070327758789,1.3622933626174927,"[3, 3, 3, 1, 3, 3, 1, 1, 3, 1, 3, 1, 1, 3, 1, 3, 3, 1, 1, 1, 3, 3, 3, 3, 3]","[0.29532334208488464, 0.3082461953163147, 0.2998274266719818, 0.3180445432662964, 0.29622188210487366, 0.2931070327758789, 0.3187946379184723, 0.3039049804210663, 0.3226367235183716, 0.3410649299621582, 0.30269163846969604, 0.30423757433891296, 0.29787811636924744, 0.3030796945095062, 0.35373106598854065, 0.3010614514350891, 0.3073873221874237, 0.2935165464878082, 0.3061104118824005, 0.3506002426147461, 0.3035930097103119, 0.3108193278312683, 0.3030880093574524, 0.3334004282951355, 0.30986925959587097]",0.013514251830233451,0.013612105217091459,0.0009785338685800692,0.018976158958616783,0.02168154587370911,0.048411522060632706,0.013680966423643694,0.00011652790636823847,0.013781523256704644,0.00011581826801068679,0.0010055683306094906,3.7869961318740946e-05,0.057668925262987614,0.022109874797698596,0.026924835439181102,0.012825320114462361,"[{""eval_return_mean"": -0.9999734386011132, ""eval_return_std"": 0.0, ""eval_return_median"": -0.9999734386011132, ""eval_return_min"": -0.9999734386011132, ""eval_return_max"": -0.9999734386011132, ""eval_length_mean"": 100.0, ""eval_done_rate"": 0.0, ""eval_success_rate"": 0.0, ""episode"": 50}, {""eval_return_mean"": -0.9999734386011132, ""eval_return_std"": 0.0, ""eval_return_median"": -0.9999734386011132, ""eval_return_min"": -0.9999734386011132, ""eval_return_max"": -0.9999734386011132, ""eval_length_mean"": 100.0, ""eval_done_rate"": 0.0, ""eval_success_rate"": 0.0, ""episode"": 100}, {""eval_return_mean"": -0.9999734386011132, ""eval_return_std"": 0.0, ""eval_return_median"": -0.9999734386011132, ""eval_return_min"": -0.9999734386011132, ""eval_return_max"": -0.9999734386011132, ""eval_length_mean"": 100.0, ""eval_done_rate"": 0.0, ""eval_success_rate"": 0.0, ""episode"": 150}, {""eval_return_mean"": -0.04340619999999995, ""eval_return_std"": 0.0, ""eval_return_median"": -0.04340619999999995, ""eval_return_min"": -0.04340619999999995, ""eval_return_max"": -0.04340619999999995, ""eval_length_mean"": 8.0, ""eval_done_rate"": 1.0, ""eval_success_rate"": 1.0, ""episode"": 200}, {""eval_return_mean"": -0.04340619999999995, ""eval_return_std"": 0.0, ""eval_return_median"": -0.04340619999999995, ""eval_return_min"": -0.04340619999999995, ""eval_return_max"": -0.04340619999999995, ""eval_length_mean"": 8.0, ""eval_done_rate"": 1.0, ""eval_success_rate"": 1.0, ""episode"": 250}, {""eval_return_mean"": -0.04340619999999995, ""eval_return_std"": 0.0, ""eval_return_median"": -0.04340619999999995, ""eval_return_min"": -0.04340619999999995, ""eval_return_max"": -0.04340619999999995, ""eval_length_mean"": 8.0, ""eval_done_rate"": 1.0, ""eval_success_rate"": 1.0, ""episode"": 300}, {""eval_return_mean"": -0.04340619999999995, ""eval_return_std"": 0.0, ""eval_return_median"": -0.04340619999999995, ""eval_return_min"": -0.04340619999999995, ""eval_return_max"": -0.04340619999999995, ""eval_length_mean"": 8.0, ""eval_done_rate"": 1.0, ""eval_success_rate"": 1.0, ""episode"": 350}, {""eval_return_mean"": -0.04340619999999995, ""eval_return_std"": 0.0, ""eval_return_median"": -0.04340619999999995, ""eval_return_min"": -0.04340619999999995, ""eval_return_max"": -0.04340619999999995, ""eval_length_mean"": 8.0, ""eval_done_rate"": 1.0, ""eval_success_rate"": 1.0, ""episode"": 400}]",
True,11,11,42,cuda:0,252.72136688232422,400,False,,400,20,10,512,12000,1000.0,3,0.01,0.1,0.001,0.003,0.003,0.1,256,0.3,-0.04340619999999995,0.0,-0.04340619999999995,-0.04340619999999995,-0.04340619999999995,8.0,1.0,1.0,-0.04374318212538989,0.3019155418872833,0.2847881019115448,1.3694167137145996,"[3, 3, 3, 1, 3, 3, 1, 3, 3, 1, 3, 3, 1, 3, 1, 3, 3, 1, 1, 1, 3, 3, 3, 3, 3]","[0.28836873173713684, 0.29963263869285583, 0.2923772633075714, 0.30397558212280273, 0.28879740834236145, 0.28686925768852234, 0.3081399202346802, 0.2958587408065796, 0.3144223988056183, 0.3265666663646698, 0.294416218996048, 0.29330649971961975, 0.288695752620697, 0.297237753868103, 0.339471697807312, 0.2934149205684662, 0.2981380522251129, 0.2847881019115448, 0.29511651396751404, 0.3357641398906708, 0.2956845462322235, 0.30323946475982666, 0.29518502950668335, 0.32536306977272034, 0.3030581772327423]",0.012256551908988956,0.012345066037057923,0.0008851412806896586,0.0363169939418685,0.013826300397468403,0.04741375893354416,0.012405795307573355,0.0001111697142396008,0.012495384285960965,0.00010928449057293268,0.0008958897838760777,3.393787797473873e-05,0.045719687473028896,0.02074866164995813,0.025076982936993612,0.012949550889036406,"[{""eval_return_mean"": -0.9999734386011132, ""eval_return_std"": 0.0, ""eval_return_median"": -0.9999734386011132, ""eval_return_min"": -0.9999734386011132, ""eval_return_max"": -0.9999734386011132, ""eval_length_mean"": 100.0, ""eval_done_rate"": 0.0, ""eval_success_rate"": 0.0, ""episode"": 50}, {""eval_return_mean"": -0.9999734386011132, ""eval_return_std"": 0.0, ""eval_return_median"": -0.9999734386011132, ""eval_return_min"": -0.9999734386011132, ""eval_return_max"": -0.9999734386011132, ""eval_length_mean"": 100.0, ""eval_done_rate"": 0.0, ""eval_success_rate"": 0.0, ""episode"": 100}, {""eval_return_mean"": -0.9999734386011132, ""eval_return_std"": 0.0, ""eval_return_median"": -0.9999734386011132, ""eval_return_min"": -0.9999734386011132, ""eval_return_max"": -0.9999734386011132, ""eval_length_mean"": 100.0, ""eval_done_rate"": 0.0, ""eval_success_rate"": 0.0, ""episode"": 150}, {""eval_return_mean"": -0.9999734386011132, ""eval_return_std"": 0.0, ""eval_return_median"": -0.9999734386011132, ""eval_return_min"": -0.9999734386011132, ""eval_return_max"": -0.9999734386011132, ""eval_length_mean"": 100.0, ""eval_done_rate"": 0.0, ""eval_success_rate"": 0.0, ""episode"": 200}, {""eval_return_mean"": -0.04340619999999995, ""eval_return_std"": 0.0, ""eval_return_median"": -0.04340619999999995, ""eval_return_min"": -0.04340619999999995, ""eval_return_max"": -0.04340619999999995, ""eval_length_mean"": 8.0, ""eval_done_rate"": 1.0, ""eval_success_rate"": 1.0, ""episode"": 250}, {""eval_return_mean"": -0.04340619999999995, ""eval_return_std"": 0.0, ""eval_return_median"": -0.04340619999999995, ""eval_return_min"": -0.04340619999999995, ""eval_return_max"": -0.04340619999999995, ""eval_length_mean"": 8.0, ""eval_done_rate"": 1.0, ""eval_success_rate"": 1.0, ""episode"": 300}, {""eval_return_mean"": -0.04340619999999995, ""eval_return_std"": 0.0, ""eval_return_median"": -0.04340619999999995, ""eval_return_min"": -0.04340619999999995, ""eval_return_max"": -0.04340619999999995, ""eval_length_mean"": 8.0, ""eval_done_rate"": 1.0, ""eval_success_rate"": 1.0, ""episode"": 350}, {""eval_return_mean"": -0.04340619999999995, ""eval_return_std"": 0.0, ""eval_return_median"": -0.04340619999999995, ""eval_return_min"": -0.04340619999999995, ""eval_return_max"": -0.04340619999999995, ""eval_length_mean"": 8.0, ""eval_done_rate"": 1.0, ""eval_success_rate"": 1.0, ""episode"": 400}]",
True,12,12,42,cuda:0,236.89657855033875,400,False,,400,20,10,512,12000,1000.0,3,0.02,0.1,0.001,0.003,0.003,0.1,256,0.3,-0.04340619999999995,0.0,-0.04340619999999995,-0.04340619999999995,-0.04340619999999995,8.0,1.0,1.0,-0.04369772045457412,0.2863285803794861,0.27276572585105896,1.3781901597976685,"[3, 3, 3, 1, 3, 3, 1, 3, 3, 1, 3, 3, 1, 3, 1, 3, 3, 1, 1, 1, 3, 3, 3, 3, 3]","[0.2753455936908722, 0.2819513976573944, 0.2777214050292969, 0.28403234481811523, 0.27470114827156067, 0.2751234173774719, 0.2941494584083557, 0.2801187336444855, 0.2979801893234253, 0.3091127574443817, 0.2781848609447479, 0.28103893995285034, 0.27644115686416626, 0.2867365777492523, 0.3234198987483978, 0.2773514688014984, 0.27925825119018555, 0.27276572585105896, 0.27950987219810486, 0.3162006437778473, 0.2799263596534729, 0.285953164100647, 0.2771779000759125, 0.30561134219169617, 0.28840190172195435]",0.01024535283177363,0.010311077163650177,0.0006572433187654621,0.015097386007962918,0.008436938528298032,0.0379958413541317,0.010372559397186685,7.99475744503033e-05,0.01043778875389582,7.89064526347376e-05,0.0006522935670913722,2.3262327949588508e-05,0.03130952890962362,0.017302786633088558,0.02181203917898983,0.011849258824328164,"[{""eval_return_mean"": -0.9999734386011132, ""eval_return_std"": 0.0, ""eval_return_median"": -0.9999734386011132, ""eval_return_min"": -0.9999734386011132, ""eval_return_max"": -0.9999734386011132, ""eval_length_mean"": 100.0, ""eval_done_rate"": 0.0, ""eval_success_rate"": 0.0, ""episode"": 50}, {""eval_return_mean"": -0.9999734386011132, ""eval_return_std"": 0.0, ""eval_return_median"": -0.9999734386011132, ""eval_return_min"": -0.9999734386011132, ""eval_return_max"": -0.9999734386011132, ""eval_length_mean"": 100.0, ""eval_done_rate"": 0.0, ""eval_success_rate"": 0.0, ""episode"": 100}, {""eval_return_mean"": -0.9999734386011132, ""eval_return_std"": 0.0, ""eval_return_median"": -0.9999734386011132, ""eval_return_min"": -0.9999734386011132, ""eval_return_max"": -0.9999734386011132, ""eval_length_mean"": 100.0, ""eval_done_rate"": 0.0, ""eval_success_rate"": 0.0, ""episode"": 150}, {""eval_return_mean"": -0.9999734386011132, ""eval_return_std"": 0.0, ""eval_return_median"": -0.9999734386011132, ""eval_return_min"": -0.9999734386011132, ""eval_return_max"": -0.9999734386011132, ""eval_length_mean"": 100.0, ""eval_done_rate"": 0.0, ""eval_success_rate"": 0.0, ""episode"": 200}, {""eval_return_mean"": -0.04340619999999995, ""eval_return_std"": 0.0, ""eval_return_median"": -0.04340619999999995, ""eval_return_min"": -0.04340619999999995, ""eval_return_max"": -0.04340619999999995, ""eval_length_mean"": 8.0, ""eval_done_rate"": 1.0, ""eval_success_rate"": 1.0, ""episode"": 250}, {""eval_return_mean"": -0.04340619999999995, ""eval_return_std"": 0.0, ""eval_return_median"": -0.04340619999999995, ""eval_return_min"": -0.04340619999999995, ""eval_return_max"": -0.04340619999999995, ""eval_length_mean"": 8.0, ""eval_done_rate"": 1.0, ""eval_success_rate"": 1.0, ""episode"": 300}, {""eval_return_mean"": -0.04340619999999995, ""eval_return_std"": 0.0, ""eval_return_median"": -0.04340619999999995, ""eval_return_min"": -0.04340619999999995, ""eval_return_max"": -0.04340619999999995, ""eval_length_mean"": 8.0, ""eval_done_rate"": 1.0, ""eval_success_rate"": 1.0, ""episode"": 350}, {""eval_return_mean"": -0.04340619999999995, ""eval_return_std"": 0.0, ""eval_return_median"": -0.04340619999999995, ""eval_return_min"": -0.04340619999999995, ""eval_return_max"": -0.04340619999999995, ""eval_length_mean"": 8.0, ""eval_done_rate"": 1.0, ""eval_success_rate"": 1.0, ""episode"": 400}]",
True,13,13,42,cuda:0,119.05345320701599,250,True,score -1.00021 below global best -0.04370 by margin 0.2,400,20,10,512,12000,1000.0,3,0.05,0.1,0.001,0.003,0.003,0.1,256,0.3,-0.9999734386011134,2.224156070299059e-16,-0.9999734386011132,-0.9999734386011132,-0.9999734386011132,100.0,0.0,0.0,-1.000207166068753,0.26617234587669375,0.25491848587989807,1.3844069242477417,"[0, 3, 3, 0, 2, 0, 3, 3, 3, 3, 0, 3, 0, 0, 3, 0, 2, 0, 2, 2, 2, 3, 0, 3, 3]","[0.2678876519203186, 0.25953158736228943, 0.25491848587989807, 0.2570529282093048, 0.26584944128990173, 0.27080240845680237, 0.2597162127494812, 0.25858795642852783, 0.27643728256225586, 0.2610399127006531, 0.2682770788669586, 0.266165554523468, 0.27899840474128723, 0.2781684994697571, 0.282556414604187, 0.2678115963935852, 0.26489099860191345, 0.26901113986968994, 0.2571547031402588, 0.2583395838737488, 0.2599044442176819, 0.26398688554763794, 0.2570978105068207, 0.2804282605648041, 0.26969340443611145]",0.009148187171996731,0.009206419210486556,0.0005823203848982432,0.02217959506793338,0.021170325629301608,0.03125178813934326,0.00892528923511783,0.00013501702129661115,0.008981852283195339,0.00013530967638463088,0.0005656304807750912,3.428503450201555e-05,0.027875180160626768,0.013164276712659032,0.018045524626020548,0.010208470051292263,"[{""eval_return_mean"": -0.9999734386011132, ""eval_return_std"": 0.0, ""eval_return_median"": -0.9999734386011132, ""eval_return_min"": -0.9999734386011132, ""eval_return_max"": -0.9999734386011132, ""eval_length_mean"": 100.0, ""eval_done_rate"": 0.0, ""eval_success_rate"": 0.0, ""episode"": 50}, {""eval_return_mean"": -0.9999734386011132, ""eval_return_std"": 0.0, ""eval_return_median"": -0.9999734386011132, ""eval_return_min"": -0.9999734386011132, ""eval_return_max"": -0.9999734386011132, ""eval_length_mean"": 100.0, ""eval_done_rate"": 0.0, ""eval_success_rate"": 0.0, ""episode"": 100}, {""eval_return_mean"": -0.9999734386011132, ""eval_return_std"": 0.0, ""eval_return_median"": -0.9999734386011132, ""eval_return_min"": -0.9999734386011132, ""eval_return_max"": -0.9999734386011132, ""eval_length_mean"": 100.0, ""eval_done_rate"": 0.0, ""eval_success_rate"": 0.0, ""episode"": 150}, {""eval_return_mean"": -0.9999734386011132, ""eval_return_std"": 0.0, ""eval_return_median"": -0.9999734386011132, ""eval_return_min"": -0.9999734386011132, ""eval_return_max"": -0.9999734386011132, ""eval_length_mean"": 100.0, ""eval_done_rate"": 0.0, ""eval_success_rate"": 0.0, ""episode"": 200}, {""eval_return_mean"": -0.9999734386011132, ""eval_return_std"": 0.0, ""eval_return_median"": -0.9999734386011132, ""eval_return_min"": -0.9999734386011132, ""eval_return_max"": -0.9999734386011132, ""eval_length_mean"": 100.0, ""eval_done_rate"": 0.0, ""eval_success_rate"": 0.0, ""episode"": 250}]",
True,14,14,42,cuda:0,107.01367712020874,250,True,score -1.00050 below global best -0.04370 by margin 0.2,400,20,10,512,12000,1000.0,3,0.002,0.1,0.001,0.003,0.01,0.3,256,0.3,-0.9999734386011134,2.224156070299059e-16,-0.9999734386011132,-0.9999734386011132,-0.9999734386011132,100.0,0.0,0.0,-1.0005026113549118,0.4436600267887115,0.41463208198547363,1.1026860475540161,"[3, 1, 1, 1, 3, 3, 1, 1, 3, 1, 3, 1, 1, 3, 1, 1, 1, 1, 1, 1, 3, 3, 3, 3, 1]","[0.4256359040737152, 0.43297019600868225, 0.43257826566696167, 0.4737032949924469, 0.41912975907325745, 0.41463208198547363, 0.4594744145870209, 0.44020092487335205, 0.45062199234962463, 0.4896412193775177, 0.42280784249305725, 0.4454992711544037, 0.4446648061275482, 0.4243297874927521, 0.49547678232192993, 0.4307060241699219, 0.435260534286499, 0.4360652565956116, 0.4537186920642853, 0.5028513669967651, 0.42120224237442017, 0.42974501848220825, 0.43011510372161865, 0.45287439227104187, 0.42759549617767334]",0.02960559550601003,0.02979725342347628,0.0019165791746624955,0.020776275732516274,0.060046934579752805,0.23748235404491425,0.029142565370892236,0.0002657438800313077,0.029348370512786586,0.00026405494306328995,0.0020580514189435083,0.00018974652016185168,0.19197336554527283,0.03190596470438318,0.042528393154763026,0.021011310675436913,"[{""eval_return_mean"": -0.9999734386011132, ""eval_return_std"": 0.0, ""eval_return_median"": -0.9999734386011132, ""eval_return_min"": -0.9999734386011132, ""eval_return_max"": -0.9999734386011132, ""eval_length_mean"": 100.0, ""eval_done_rate"": 0.0, ""eval_success_rate"": 0.0, ""episode"": 50}, {""eval_return_mean"": -0.9999734386011132, ""eval_return_std"": 0.0, ""eval_return_median"": -0.9999734386011132, ""eval_return_min"": -0.9999734386011132, ""eval_return_max"": -0.9999734386011132, ""eval_length_mean"": 100.0, ""eval_done_rate"": 0.0, ""eval_success_rate"": 0.0, ""episode"": 100}, {""eval_return_mean"": -0.04340619999999995, ""eval_return_std"": 0.0, ""eval_return_median"": -0.04340619999999995, ""eval_return_min"": -0.04340619999999995, ""eval_return_max"": -0.04340619999999995, ""eval_length_mean"": 8.0, ""eval_done_rate"": 1.0, ""eval_success_rate"": 1.0, ""episode"": 150}, {""eval_return_mean"": -0.04340619999999995, ""eval_return_std"": 0.0, ""eval_return_median"": -0.04340619999999995, ""eval_return_min"": -0.04340619999999995, ""eval_return_max"": -0.04340619999999995, ""eval_length_mean"": 8.0, ""eval_done_rate"": 1.0, ""eval_success_rate"": 1.0, ""episode"": 200}, {""eval_return_mean"": -0.9999734386011132, ""eval_return_std"": 0.0, ""eval_return_median"": -0.9999734386011132, ""eval_return_min"": -0.9999734386011132, ""eval_return_max"": -0.9999734386011132, ""eval_length_mean"": 100.0, ""eval_done_rate"": 0.0, ""eval_success_rate"": 0.0, ""episode"": 250}]",
True,15,15,42,cuda:0,116.96852469444275,250,True,score -1.00046 below global best -0.04370 by margin 0.2,400,20,10,512,12000,1000.0,3,0.005,0.1,0.001,0.003,0.01,0.3,256,0.3,-0.9999734386011134,2.224156070299059e-16,-0.9999734386011132,-0.9999734386011132,-0.9999734386011132,100.0,0.0,0.0,-1.0004597588043451,0.4089993667602539,0.3838479518890381,1.203513741493225,"[3, 3, 1, 1, 3, 3, 1, 1, 3, 1, 3, 1, 1, 3, 1, 1, 1, 1, 1, 1, 3, 3, 3, 3, 3]","[0.39260751008987427, 0.3997471034526825, 0.39742276072502136, 0.43076127767562866, 0.3881281316280365, 0.3838479518890381, 0.42378708720207214, 0.404201477766037, 0.42042598128318787, 0.4507865607738495, 0.393129825592041, 0.4065050780773163, 0.40627244114875793, 0.3934864103794098, 0.4553563892841339, 0.3946266770362854, 0.39849165081977844, 0.3980640470981598, 0.4149245321750641, 0.4620561897754669, 0.3907439410686493, 0.3997947871685028, 0.39782771468162537, 0.42615222930908203, 0.39583641290664673]",0.023376617803998984,0.02354179421314032,0.0016517640914133378,0.01810098091180263,0.029056467940347573,0.13063490390777588,0.02334827731001721,0.0001273292655296408,0.02352179843958532,0.00013702267007321972,0.0017352112956810811,0.00015378884110832952,0.12091430619359017,0.02796602216638128,0.038822645108957096,0.02066599815678123,"[{""eval_return_mean"": -0.9999734386011132, ""eval_return_std"": 0.0, ""eval_return_median"": -0.9999734386011132, ""eval_return_min"": -0.9999734386011132, ""eval_return_max"": -0.9999734386011132, ""eval_length_mean"": 100.0, ""eval_done_rate"": 0.0, ""eval_success_rate"": 0.0, ""episode"": 50}, {""eval_return_mean"": -0.9999734386011132, ""eval_return_std"": 0.0, ""eval_return_median"": -0.9999734386011132, ""eval_return_min"": -0.9999734386011132, ""eval_return_max"": -0.9999734386011132, ""eval_length_mean"": 100.0, ""eval_done_rate"": 0.0, ""eval_success_rate"": 0.0, ""episode"": 100}, {""eval_return_mean"": -0.9999734386011132, ""eval_return_std"": 0.0, ""eval_return_median"": -0.9999734386011132, ""eval_return_min"": -0.9999734386011132, ""eval_return_max"": -0.9999734386011132, ""eval_length_mean"": 100.0, ""eval_done_rate"": 0.0, ""eval_success_rate"": 0.0, ""episode"": 150}, {""eval_return_mean"": -0.04340619999999995, ""eval_return_std"": 0.0, ""eval_return_median"": -0.04340619999999995, ""eval_return_min"": -0.04340619999999995, ""eval_return_max"": -0.04340619999999995, ""eval_length_mean"": 8.0, ""eval_done_rate"": 1.0, ""eval_success_rate"": 1.0, ""episode"": 200}, {""eval_return_mean"": -0.9999734386011132, ""eval_return_std"": 0.0, ""eval_return_median"": -0.9999734386011132, ""eval_return_min"": -0.9999734386011132, ""eval_return_max"": -0.9999734386011132, ""eval_length_mean"": 100.0, ""eval_done_rate"": 0.0, ""eval_success_rate"": 0.0, ""episode"": 250}]",
True,16,16,42,cuda:0,98.38829398155212,250,True,score -1.00046 below global best -0.04370 by margin 0.2,400,20,10,512,12000,1000.0,3,0.01,0.1,0.001,0.003,0.01,0.3,256,0.3,-0.9999734386011134,2.224156070299059e-16,-0.9999734386011132,-0.9999734386011132,-0.9999734386011132,100.0,0.0,0.0,-1.000458804195848,0.380267733335495,0.35926175117492676,1.2683109045028687,"[3, 3, 1, 1, 3, 3, 1, 1, 3, 1, 3, 1, 1, 3, 1, 1, 1, 1, 1, 1, 3, 3, 3, 3, 3]","[0.36534908413887024, 0.37283968925476074, 0.3660603165626526, 0.3960456848144531, 0.36192724108695984, 0.35926175117492676, 0.39353182911872864, 0.3735957443714142, 0.39332273602485657, 0.4168103337287903, 0.3661911189556122, 0.37410616874694824, 0.37455520033836365, 0.3717006742954254, 0.4260329008102417, 0.3660302758216858, 0.3695855736732483, 0.3697969913482666, 0.3820805847644806, 0.42453324794769287, 0.36504751443862915, 0.37462353706359863, 0.37102729082107544, 0.4007572829723358, 0.37188056111335754]",0.019540190381285783,0.019688158873396533,0.001479684921107489,0.015051646451282054,0.02462226292141986,0.08067167550325394,0.01942407993596936,0.00012301097278037568,0.019585615328610428,0.0001315968891251373,0.0016153539264106385,0.0001883514795653992,0.073775087390095,0.02818059217741799,0.03561461339973857,0.02035596729604542,"[{""eval_return_mean"": -0.9999734386011132, ""eval_return_std"": 0.0, ""eval_return_median"": -0.9999734386011132, ""eval_return_min"": -0.9999734386011132, ""eval_return_max"": -0.9999734386011132, ""eval_length_mean"": 100.0, ""eval_done_rate"": 0.0, ""eval_success_rate"": 0.0, ""episode"": 50}, {""eval_return_mean"": -0.9999734386011132, ""eval_return_std"": 0.0, ""eval_return_median"": -0.9999734386011132, ""eval_return_min"": -0.9999734386011132, ""eval_return_max"": -0.9999734386011132, ""eval_length_mean"": 100.0, ""eval_done_rate"": 0.0, ""eval_success_rate"": 0.0, ""episode"": 100}, {""eval_return_mean"": -0.9999734386011132, ""eval_return_std"": 0.0, ""eval_return_median"": -0.9999734386011132, ""eval_return_min"": -0.9999734386011132, ""eval_return_max"": -0.9999734386011132, ""eval_length_mean"": 100.0, ""eval_done_rate"": 0.0, ""eval_success_rate"": 0.0, ""episode"": 150}, {""eval_return_mean"": -0.04340619999999995, ""eval_return_std"": 0.0, ""eval_return_median"": -0.04340619999999995, ""eval_return_min"": -0.04340619999999995, ""eval_return_max"": -0.04340619999999995, ""eval_length_mean"": 8.0, ""eval_done_rate"": 1.0, ""eval_success_rate"": 1.0, ""episode"": 200}, {""eval_return_mean"": -0.9999734386011132, ""eval_return_std"": 0.0, ""eval_return_median"": -0.9999734386011132, ""eval_return_min"": -0.9999734386011132, ""eval_return_max"": -0.9999734386011132, ""eval_length_mean"": 100.0, ""eval_done_rate"": 0.0, ""eval_success_rate"": 0.0, ""episode"": 250}]",
True,17,17,42,cuda:0,195.10944747924805,400,True,score -1.00029 below global best -0.04370 by margin 0.2,400,20,10,512,12000,1000.0,3,0.02,0.1,0.001,0.003,0.01,0.3,256,0.3,-0.9999734386011134,2.224156070299059e-16,-0.9999734386011132,-0.9999734386011132,-0.9999734386011132,100.0,0.0,0.0,-1.0002894641389104,0.33954734206199644,0.3189247250556946,1.3364872932434082,"[3, 1, 3, 1, 3, 3, 1, 1, 3, 1, 3, 1, 1, 3, 1, 3, 1, 1, 1, 1, 3, 3, 3, 3, 3]","[0.32190412282943726, 0.3302593231201172, 0.32479918003082275, 0.3451327085494995, 0.3189247250556946, 0.31954726576805115, 0.3525693118572235, 0.3307284116744995, 0.35372811555862427, 0.3784259855747223, 0.32087695598602295, 0.32804033160209656, 0.3321455121040344, 0.33713439106941223, 0.39848726987838745, 0.3233879804611206, 0.33046746253967285, 0.3284289240837097, 0.3329649269580841, 0.3941326439380646, 0.3220311105251312, 0.336789071559906, 0.33034881949424744, 0.36377859115600586, 0.3336504101753235]",0.015631066631057785,0.015715729885051693,0.0008466325399390848,0.027415627704770986,0.03705325380790132,0.028669634833931923,0.015786514392959757,0.00010994568923766644,0.01587258568519884,0.00010742340352960204,0.0008607129223908687,3.977518156970449e-05,0.04013057405129075,0.019677363755090972,0.025839210815781853,0.011925190024589744,"[{""eval_return_mean"": -0.9999734386011132, ""eval_return_std"": 0.0, ""eval_return_median"": -0.9999734386011132, ""eval_return_min"": -0.9999734386011132, ""eval_return_max"": -0.9999734386011132, ""eval_length_mean"": 100.0, ""eval_done_rate"": 0.0, ""eval_success_rate"": 0.0, ""episode"": 50}, {""eval_return_mean"": -0.9999734386011132, ""eval_return_std"": 0.0, ""eval_return_median"": -0.9999734386011132, ""eval_return_min"": -0.9999734386011132, ""eval_return_max"": -0.9999734386011132, ""eval_length_mean"": 100.0, ""eval_done_rate"": 0.0, ""eval_success_rate"": 0.0, ""episode"": 100}, {""eval_return_mean"": -0.9999734386011132, ""eval_return_std"": 0.0, ""eval_return_median"": -0.9999734386011132, ""eval_return_min"": -0.9999734386011132, ""eval_return_max"": -0.9999734386011132, ""eval_length_mean"": 100.0, ""eval_done_rate"": 0.0, ""eval_success_rate"": 0.0, ""episode"": 150}, {""eval_return_mean"": -0.9999734386011132, ""eval_return_std"": 0.0, ""eval_return_median"": -0.9999734386011132, ""eval_return_min"": -0.9999734386011132, ""eval_return_max"": -0.9999734386011132, ""eval_length_mean"": 100.0, ""eval_done_rate"": 0.0, ""eval_success_rate"": 0.0, ""episode"": 200}, {""eval_return_mean"": -0.04340619999999995, ""eval_return_std"": 0.0, ""eval_return_median"": -0.04340619999999995, ""eval_return_min"": -0.04340619999999995, ""eval_return_max"": -0.04340619999999995, ""eval_length_mean"": 8.0, ""eval_done_rate"": 1.0, ""eval_success_rate"": 1.0, ""episode"": 250}, {""eval_return_mean"": -0.04340619999999995, ""eval_return_std"": 0.0, ""eval_return_median"": -0.04340619999999995, ""eval_return_min"": -0.04340619999999995, ""eval_return_max"": -0.04340619999999995, ""eval_length_mean"": 8.0, ""eval_done_rate"": 1.0, ""eval_success_rate"": 1.0, ""episode"": 300}, {""eval_return_mean"": -0.04340619999999995, ""eval_return_std"": 0.0, ""eval_return_median"": -0.04340619999999995, ""eval_return_min"": -0.04340619999999995, ""eval_return_max"": -0.04340619999999995, ""eval_length_mean"": 8.0, ""eval_done_rate"": 1.0, ""eval_success_rate"": 1.0, ""episode"": 350}, {""eval_return_mean"": -0.9999734386011132, ""eval_return_std"": 0.0, ""eval_return_median"": -0.9999734386011132, ""eval_return_min"": -0.9999734386011132, ""eval_return_max"": -0.9999734386011132, ""eval_length_mean"": 100.0, ""eval_done_rate"": 0.0, ""eval_success_rate"": 0.0, ""episode"": 400}]",
True,18,18,42,cuda:0,137.46459245681763,250,True,score -1.00022 below global best -0.04370 by margin 0.2,400,20,10,512,12000,1000.0,3,0.05,0.1,0.001,0.003,0.01,0.3,256,0.3,-0.9999734386011134,2.224156070299059e-16,-0.9999734386011132,-0.9999734386011132,-0.9999734386011132,100.0,0.0,0.0,-1.0002240646946228,0.26537165880203245,0.25406336784362793,1.3844232559204102,"[0, 1, 3, 3, 2, 0, 1, 3, 3, 1, 0, 3, 0, 3, 1, 0, 2, 0, 1, 1, 3, 3, 3, 3, 3]","[0.2602688670158386, 0.26300591230392456, 0.2574760615825653, 0.25692102313041687, 0.26172003149986267, 0.2653244733810425, 0.2675110697746277, 0.26008686423301697, 0.27840811014175415, 0.2704402208328247, 0.2605768144130707, 0.2671201527118683, 0.26980912685394287, 0.27244630455970764, 0.2820865213871002, 0.25915369391441345, 0.2603064775466919, 0.2606965899467468, 0.25406336784362793, 0.27538272738456726, 0.25928032398223877, 0.2650046944618225, 0.25454071164131165, 0.28176793456077576, 0.270893394947052]",0.010052736628865484,0.010094063155975651,0.00041326527110168365,0.019125362231587575,0.02709134864393791,0.027962133288383484,0.009913580869992982,0.00012088449526696465,0.009954333798054393,0.0001225452174409648,0.0004075292806141252,2.2796747204548448e-05,0.030105082457885145,0.014133411181204236,0.017947888891923714,0.010929198169713628,"[{""eval_return_mean"": -0.9999734386011132, ""eval_return_std"": 0.0, ""eval_return_median"": -0.9999734386011132, ""eval_return_min"": -0.9999734386011132, ""eval_return_max"": -0.9999734386011132, ""eval_length_mean"": 100.0, ""eval_done_rate"": 0.0, ""eval_success_rate"": 0.0, ""episode"": 50}, {""eval_return_mean"": -0.9999734386011132, ""eval_return_std"": 0.0, ""eval_return_median"": -0.9999734386011132, ""eval_return_min"": -0.9999734386011132, ""eval_return_max"": -0.9999734386011132, ""eval_length_mean"": 100.0, ""eval_done_rate"": 0.0, ""eval_success_rate"": 0.0, ""episode"": 100}, {""eval_return_mean"": -0.9999734386011132, ""eval_return_std"": 0.0, ""eval_return_median"": -0.9999734386011132, ""eval_return_min"": -0.9999734386011132, ""eval_return_max"": -0.9999734386011132, ""eval_length_mean"": 100.0, ""eval_done_rate"": 0.0, ""eval_success_rate"": 0.0, ""episode"": 150}, {""eval_return_mean"": -0.9999734386011132, ""eval_return_std"": 0.0, ""eval_return_median"": -0.9999734386011132, ""eval_return_min"": -0.9999734386011132, ""eval_return_max"": -0.9999734386011132, ""eval_length_mean"": 100.0, ""eval_done_rate"": 0.0, ""eval_success_rate"": 0.0, ""episode"": 200}, {""eval_return_mean"": -0.9999734386011132, ""eval_return_std"": 0.0, ""eval_return_median"": -0.9999734386011132, ""eval_return_min"": -0.9999734386011132, ""eval_return_max"": -0.9999734386011132, ""eval_length_mean"": 100.0, ""eval_done_rate"": 0.0, ""eval_success_rate"": 0.0, ""episode"": 250}]",
True,19,19,42,cuda:0,168.06769275665283,350,True,score -1.00033 below global best -0.04370 by margin 0.2,400,20,10,512,12000,1000.0,3,0.01,0.1,0.0003,0.003,0.003,0.1,256,0.3,-0.9999734386011134,2.224156070299059e-16,-0.9999734386011132,-0.9999734386011132,-0.9999734386011132,100.0,0.0,0.0,-1.000334599511893,0.29394694566726687,0.2776213586330414,1.3740050792694092,"[3, 3, 1, 1, 3, 3, 1, 3, 3, 1, 3, 3, 1, 3, 1, 3, 3, 1, 1, 1, 3, 3, 3, 3, 3]","[0.28237709403038025, 0.29086604714393616, 0.28327739238739014, 0.2965410351753235, 0.28001710772514343, 0.2797538638114929, 0.3019460439682007, 0.28786081075668335, 0.30460983514785767, 0.3176526129245758, 0.28777098655700684, 0.28647521138191223, 0.2830254137516022, 0.28958559036254883, 0.3293389081954956, 0.2850111126899719, 0.2916063070297241, 0.2776213586330414, 0.28911998867988586, 0.3275207281112671, 0.2881547510623932, 0.29369112849235535, 0.28478875756263733, 0.3156439960002899, 0.2944175601005554]",0.011014769106602545,0.011113869672923488,0.00099100566320943,0.014222947140704462,0.04934706065690339,0.03263984993100166,0.011100532681027167,5.8944254717692044e-05,0.01119771483443589,5.6680259772078596e-05,0.0009718215340872494,7.059957725162037e-05,0.0465010876301676,0.022457969161289854,0.027498214637004345,0.013658121916664998,"[{""eval_return_mean"": -0.9999734386011132, ""eval_return_std"": 0.0, ""eval_return_median"": -0.9999734386011132, ""eval_return_min"": -0.9999734386011132, ""eval_return_max"": -0.9999734386011132, ""eval_length_mean"": 100.0, ""eval_done_rate"": 0.0, ""eval_success_rate"": 0.0, ""episode"": 50}, {""eval_return_mean"": -0.9999734386011132, ""eval_return_std"": 0.0, ""eval_return_median"": -0.9999734386011132, ""eval_return_min"": -0.9999734386011132, ""eval_return_max"": -0.9999734386011132, ""eval_length_mean"": 100.0, ""eval_done_rate"": 0.0, ""eval_success_rate"": 0.0, ""episode"": 100}, {""eval_return_mean"": -0.9999734386011132, ""eval_return_std"": 0.0, ""eval_return_median"": -0.9999734386011132, ""eval_return_min"": -0.9999734386011132, ""eval_return_max"": -0.9999734386011132, ""eval_length_mean"": 100.0, ""eval_done_rate"": 0.0, ""eval_success_rate"": 0.0, ""episode"": 150}, {""eval_return_mean"": -0.04340619999999995, ""eval_return_std"": 0.0, ""eval_return_median"": -0.04340619999999995, ""eval_return_min"": -0.04340619999999995, ""eval_return_max"": -0.04340619999999995, ""eval_length_mean"": 8.0, ""eval_done_rate"": 1.0, ""eval_success_rate"": 1.0, ""episode"": 200}, {""eval_return_mean"": -0.04340619999999995, ""eval_return_std"": 0.0, ""eval_return_median"": -0.04340619999999995, ""eval_return_min"": -0.04340619999999995, ""eval_return_max"": -0.04340619999999995, ""eval_length_mean"": 8.0, ""eval_done_rate"": 1.0, ""eval_success_rate"": 1.0, ""episode"": 250}, {""eval_return_mean"": -0.04340619999999995, ""eval_return_std"": 0.0, ""eval_return_median"": -0.04340619999999995, ""eval_return_min"": -0.04340619999999995, ""eval_return_max"": -0.04340619999999995, ""eval_length_mean"": 8.0, ""eval_done_rate"": 1.0, ""eval_success_rate"": 1.0, ""episode"": 300}, {""eval_return_mean"": -0.9999734386011132, ""eval_return_std"": 0.0, ""eval_return_median"": -0.9999734386011132, ""eval_return_min"": -0.9999734386011132, ""eval_return_max"": -0.9999734386011132, ""eval_length_mean"": 100.0, ""eval_done_rate"": 0.0, ""eval_success_rate"": 0.0, ""episode"": 350}]",
True,20,20,42,cuda:0,164.29192900657654,350,True,score -1.00034 below global best -0.04370 by margin 0.2,400,20,10,512,12000,1000.0,3,0.01,0.1,0.0003,0.01,0.003,0.1,256,0.3,-0.9999734386011134,2.224156070299059e-16,-0.9999734386011132,-0.9999734386011132,-0.9999734386011132,100.0,0.0,0.0,-1.000335753847245,0.2940982675552368,0.27812424302101135,1.3739259243011475,"[3, 3, 1, 1, 3, 3, 1, 3, 3, 1, 3, 1, 1, 3, 1, 3, 3, 1, 1, 1, 3, 3, 3, 3, 3]","[0.2823895514011383, 0.29061925411224365, 0.28316155076026917, 0.2966686487197876, 0.27971261739730835, 0.2795239984989166, 0.30244484543800354, 0.28787150979042053, 0.30447131395339966, 0.3183336853981018, 0.2875172197818756, 0.28644847869873047, 0.2832789719104767, 0.2896571457386017, 0.33038613200187683, 0.284891813993454, 0.29160553216934204, 0.27812424302101135, 0.28904783725738525, 0.32908621430397034, 0.2878830134868622, 0.2937741279602051, 0.2849026322364807, 0.316235214471817, 0.29442113637924194]",0.011010945685129237,0.011112273640839896,0.0010132795571065878,0.01478552479787362,0.025804690593711863,0.030870873481035233,0.011102212929142654,5.856697503631187e-05,0.01119580659626682,5.652859579007001e-05,0.0009359366712417019,5.0399328704056124e-05,0.04661915554665029,0.02261451409709129,0.027517994737143215,0.0136170105160537,"[{""eval_return_mean"": -0.9999734386011132, ""eval_return_std"": 0.0, ""eval_return_median"": -0.9999734386011132, ""eval_return_min"": -0.9999734386011132, ""eval_return_max"": -0.9999734386011132, ""eval_length_mean"": 100.0, ""eval_done_rate"": 0.0, ""eval_success_rate"": 0.0, ""episode"": 50}, {""eval_return_mean"": -0.9999734386011132, ""eval_return_std"": 0.0, ""eval_return_median"": -0.9999734386011132, ""eval_return_min"": -0.9999734386011132, ""eval_return_max"": -0.9999734386011132, ""eval_length_mean"": 100.0, ""eval_done_rate"": 0.0, ""eval_success_rate"": 0.0, ""episode"": 100}, {""eval_return_mean"": -0.04340619999999995, ""eval_return_std"": 0.0, ""eval_return_median"": -0.04340619999999995, ""eval_return_min"": -0.04340619999999995, ""eval_return_max"": -0.04340619999999995, ""eval_length_mean"": 8.0, ""eval_done_rate"": 1.0, ""eval_success_rate"": 1.0, ""episode"": 150}, {""eval_return_mean"": -0.04340619999999995, ""eval_return_std"": 0.0, ""eval_return_median"": -0.04340619999999995, ""eval_return_min"": -0.04340619999999995, ""eval_return_max"": -0.04340619999999995, ""eval_length_mean"": 8.0, ""eval_done_rate"": 1.0, ""eval_success_rate"": 1.0, ""episode"": 200}, {""eval_return_mean"": -0.04340619999999995, ""eval_return_std"": 0.0, ""eval_return_median"": -0.04340619999999995, ""eval_return_min"": -0.04340619999999995, ""eval_return_max"": -0.04340619999999995, ""eval_length_mean"": 8.0, ""eval_done_rate"": 1.0, ""eval_success_rate"": 1.0, ""episode"": 250}, {""eval_return_mean"": -0.04340619999999995, ""eval_return_std"": 0.0, ""eval_return_median"": -0.04340619999999995, ""eval_return_min"": -0.04340619999999995, ""eval_return_max"": -0.04340619999999995, ""eval_length_mean"": 8.0, ""eval_done_rate"": 1.0, ""eval_success_rate"": 1.0, ""episode"": 300}, {""eval_return_mean"": -0.9999734386011132, ""eval_return_std"": 0.0, ""eval_return_median"": -0.9999734386011132, ""eval_return_min"": -0.9999734386011132, ""eval_return_max"": -0.9999734386011132, ""eval_length_mean"": 100.0, ""eval_done_rate"": 0.0, ""eval_success_rate"": 0.0, ""episode"": 350}]",
True,21,21,42,cuda:0,213.69133138656616,300,True,score -1.00029 below global best -0.04370 by margin 0.2,400,20,10,512,12000,1000.0,3,0.01,0.1,0.0003,0.03,0.003,0.1,256,0.3,-0.9999734386011134,2.224156070299059e-16,-0.9999734386011132,-0.9999734386011132,-0.9999734386011132,100.0,0.0,0.0,-1.0002887292697298,0.290193749666214,0.2739217281341553,1.3760381937026978,"[3, 3, 1, 1, 3, 3, 1, 3, 3, 1, 3, 3, 1, 3, 1, 3, 3, 1, 1, 1, 3, 3, 3, 3, 3]","[0.2800021171569824, 0.28823962807655334, 0.2803511917591095, 0.2912098467350006, 0.2766854763031006, 0.27671992778778076, 0.29717588424682617, 0.2850634455680847, 0.3012610971927643, 0.31137943267822266, 0.2853059470653534, 0.28416991233825684, 0.27900370955467224, 0.28580692410469055, 0.3209983706474304, 0.28194233775138855, 0.2898036241531372, 0.2739217281341553, 0.2851810157299042, 0.3193391263484955, 0.2854747176170349, 0.2905503511428833, 0.2809794843196869, 0.31269288063049316, 0.2915855646133423]",0.010894587045179432,0.010997356290869382,0.001027692456899508,0.01979354075193094,0.03187835318851899,0.0674164667725563,0.010877735532635041,7.564962194709506e-05,0.010976760123481293,7.522582683045877e-05,0.0009902459084624872,8.93655074640681e-05,0.041653953986242415,0.019796274612756553,0.023682587217146514,0.01173279224886423,"[{""eval_return_mean"": -0.9999734386011132, ""eval_return_std"": 0.0, ""eval_return_median"": -0.9999734386011132, ""eval_return_min"": -0.9999734386011132, ""eval_return_max"": -0.9999734386011132, ""eval_length_mean"": 100.0, ""eval_done_rate"": 0.0, ""eval_success_rate"": 0.0, ""episode"": 50}, {""eval_return_mean"": -0.9999734386011132, ""eval_return_std"": 0.0, ""eval_return_median"": -0.9999734386011132, ""eval_return_min"": -0.9999734386011132, ""eval_return_max"": -0.9999734386011132, ""eval_length_mean"": 100.0, ""eval_done_rate"": 0.0, ""eval_success_rate"": 0.0, ""episode"": 100}, {""eval_return_mean"": -0.04340619999999995, ""eval_return_std"": 0.0, ""eval_return_median"": -0.04340619999999995, ""eval_return_min"": -0.04340619999999995, ""eval_return_max"": -0.04340619999999995, ""eval_length_mean"": 8.0, ""eval_done_rate"": 1.0, ""eval_success_rate"": 1.0, ""episode"": 150}, {""eval_return_mean"": -0.04340619999999995, ""eval_return_std"": 0.0, ""eval_return_median"": -0.04340619999999995, ""eval_return_min"": -0.04340619999999995, ""eval_return_max"": -0.04340619999999995, ""eval_length_mean"": 8.0, ""eval_done_rate"": 1.0, ""eval_success_rate"": 1.0, ""episode"": 200}, {""eval_return_mean"": -0.04340619999999995, ""eval_return_std"": 0.0, ""eval_return_median"": -0.04340619999999995, ""eval_return_min"": -0.04340619999999995, ""eval_return_max"": -0.04340619999999995, ""eval_length_mean"": 8.0, ""eval_done_rate"": 1.0, ""eval_success_rate"": 1.0, ""episode"": 250}, {""eval_return_mean"": -0.9999734386011132, ""eval_return_std"": 0.0, ""eval_return_median"": -0.9999734386011132, ""eval_return_min"": -0.9999734386011132, ""eval_return_max"": -0.9999734386011132, ""eval_length_mean"": 100.0, ""eval_done_rate"": 0.0, ""eval_success_rate"": 0.0, ""episode"": 300}]",
True,22,22,42,cuda:0,249.69081687927246,400,False,,400,20,10,512,12000,1000.0,3,0.01,0.1,0.001,0.003,0.003,0.1,256,0.3,-0.04340619999999995,0.0,-0.04340619999999995,-0.04340619999999995,-0.04340619999999995,8.0,1.0,1.0,-0.04374318212538989,0.3019155418872833,0.2847881019115448,1.3694167137145996,"[3, 3, 3, 1, 3, 3, 1, 3, 3, 1, 3, 3, 1, 3, 1, 3, 3, 1, 1, 1, 3, 3, 3, 3, 3]","[0.28836873173713684, 0.29963263869285583, 0.2923772633075714, 0.30397558212280273, 0.28879740834236145, 0.28686925768852234, 0.3081399202346802, 0.2958587408065796, 0.3144223988056183, 0.3265666663646698, 0.294416218996048, 0.29330649971961975, 0.288695752620697, 0.297237753868103, 0.339471697807312, 0.2934149205684662, 0.2981380522251129, 0.2847881019115448, 0.29511651396751404, 0.3357641398906708, 0.2956845462322235, 0.30323946475982666, 0.29518502950668335, 0.32536306977272034, 0.3030581772327423]",0.012256551908988956,0.012345066037057923,0.0008851412806896586,0.0363169939418685,0.013826300397468403,0.04741375893354416,0.012405795307573355,0.0001111697142396008,0.012495384285960965,0.00010928449057293268,0.0008958897838760777,3.393787797473873e-05,0.045719687473028896,0.02074866164995813,0.025076982936993612,0.012949550889036406,"[{""eval_return_mean"": -0.9999734386011132, ""eval_return_std"": 0.0, ""eval_return_median"": -0.9999734386011132, ""eval_return_min"": -0.9999734386011132, ""eval_return_max"": -0.9999734386011132, ""eval_length_mean"": 100.0, ""eval_done_rate"": 0.0, ""eval_success_rate"": 0.0, ""episode"": 50}, {""eval_return_mean"": -0.9999734386011132, ""eval_return_std"": 0.0, ""eval_return_median"": -0.9999734386011132, ""eval_return_min"": -0.9999734386011132, ""eval_return_max"": -0.9999734386011132, ""eval_length_mean"": 100.0, ""eval_done_rate"": 0.0, ""eval_success_rate"": 0.0, ""episode"": 100}, {""eval_return_mean"": -0.9999734386011132, ""eval_return_std"": 0.0, ""eval_return_median"": -0.9999734386011132, ""eval_return_min"": -0.9999734386011132, ""eval_return_max"": -0.9999734386011132, ""eval_length_mean"": 100.0, ""eval_done_rate"": 0.0, ""eval_success_rate"": 0.0, ""episode"": 150}, {""eval_return_mean"": -0.9999734386011132, ""eval_return_std"": 0.0, ""eval_return_median"": -0.9999734386011132, ""eval_return_min"": -0.9999734386011132, ""eval_return_max"": -0.9999734386011132, ""eval_length_mean"": 100.0, ""eval_done_rate"": 0.0, ""eval_success_rate"": 0.0, ""episode"": 200}, {""eval_return_mean"": -0.04340619999999995, ""eval_return_std"": 0.0, ""eval_return_median"": -0.04340619999999995, ""eval_return_min"": -0.04340619999999995, ""eval_return_max"": -0.04340619999999995, ""eval_length_mean"": 8.0, ""eval_done_rate"": 1.0, ""eval_success_rate"": 1.0, ""episode"": 250}, {""eval_return_mean"": -0.04340619999999995, ""eval_return_std"": 0.0, ""eval_return_median"": -0.04340619999999995, ""eval_return_min"": -0.04340619999999995, ""eval_return_max"": -0.04340619999999995, ""eval_length_mean"": 8.0, ""eval_done_rate"": 1.0, ""eval_success_rate"": 1.0, ""episode"": 300}, {""eval_return_mean"": -0.04340619999999995, ""eval_return_std"": 0.0, ""eval_return_median"": -0.04340619999999995, ""eval_return_min"": -0.04340619999999995, ""eval_return_max"": -0.04340619999999995, ""eval_length_mean"": 8.0, ""eval_done_rate"": 1.0, ""eval_success_rate"": 1.0, ""episode"": 350}, {""eval_return_mean"": -0.04340619999999995, ""eval_return_std"": 0.0, ""eval_return_median"": -0.04340619999999995, ""eval_return_min"": -0.04340619999999995, ""eval_return_max"": -0.04340619999999995, ""eval_length_mean"": 8.0, ""eval_done_rate"": 1.0, ""eval_success_rate"": 1.0, ""episode"": 400}]",
True,23,23,42,cuda:0,230.19799256324768,400,False,,400,20,10,512,12000,1000.0,3,0.01,0.1,0.001,0.01,0.003,0.1,256,0.3,-0.04340619999999995,0.0,-0.04340619999999995,-0.04340619999999995,-0.04340619999999995,8.0,1.0,1.0,-0.043744613304948644,0.30216253399848936,0.2852523922920227,1.3692724704742432,"[3, 3, 3, 1, 3, 3, 1, 3, 3, 1, 3, 3, 1, 3, 1, 3, 3, 1, 1, 1, 3, 3, 3, 3, 3]","[0.2884659469127655, 0.29946961998939514, 0.29247039556503296, 0.30409711599349976, 0.28858283162117004, 0.28674551844596863, 0.3086944818496704, 0.29599127173423767, 0.31439945101737976, 0.3273800015449524, 0.29426124691963196, 0.2932467460632324, 0.28894656896591187, 0.29747191071510315, 0.3407939672470093, 0.2934008240699768, 0.2982226014137268, 0.2852523922920227, 0.2950950860977173, 0.3374587595462799, 0.29554522037506104, 0.30341383814811707, 0.29538315534591675, 0.3260982632637024, 0.3031761348247528]",0.012248378686395481,0.012343754186431638,0.0009537550003615613,0.03620359587422963,0.014456215552133035,0.04724783077836037,0.012397822658462326,0.00011271602034659245,0.012493799739934686,0.00010915663962637407,0.0009597708147235953,5.506420883552931e-05,0.04583780514076352,0.020944284578741958,0.025186191482996025,0.012897045916127932,"[{""eval_return_mean"": -0.9999734386011132, ""eval_return_std"": 0.0, ""eval_return_median"": -0.9999734386011132, ""eval_return_min"": -0.9999734386011132, ""eval_return_max"": -0.9999734386011132, ""eval_length_mean"": 100.0, ""eval_done_rate"": 0.0, ""eval_success_rate"": 0.0, ""episode"": 50}, {""eval_return_mean"": -0.9999734386011132, ""eval_return_std"": 0.0, ""eval_return_median"": -0.9999734386011132, ""eval_return_min"": -0.9999734386011132, ""eval_return_max"": -0.9999734386011132, ""eval_length_mean"": 100.0, ""eval_done_rate"": 0.0, ""eval_success_rate"": 0.0, ""episode"": 100}, {""eval_return_mean"": -0.9999734386011132, ""eval_return_std"": 0.0, ""eval_return_median"": -0.9999734386011132, ""eval_return_min"": -0.9999734386011132, ""eval_return_max"": -0.9999734386011132, ""eval_length_mean"": 100.0, ""eval_done_rate"": 0.0, ""eval_success_rate"": 0.0, ""episode"": 150}, {""eval_return_mean"": -0.9999734386011132, ""eval_return_std"": 0.0, ""eval_return_median"": -0.9999734386011132, ""eval_return_min"": -0.9999734386011132, ""eval_return_max"": -0.9999734386011132, ""eval_length_mean"": 100.0, ""eval_done_rate"": 0.0, ""eval_success_rate"": 0.0, ""episode"": 200}, {""eval_return_mean"": -0.04340619999999995, ""eval_return_std"": 0.0, ""eval_return_median"": -0.04340619999999995, ""eval_return_min"": -0.04340619999999995, ""eval_return_max"": -0.04340619999999995, ""eval_length_mean"": 8.0, ""eval_done_rate"": 1.0, ""eval_success_rate"": 1.0, ""episode"": 250}, {""eval_return_mean"": -0.04340619999999995, ""eval_return_std"": 0.0, ""eval_return_median"": -0.04340619999999995, ""eval_return_min"": -0.04340619999999995, ""eval_return_max"": -0.04340619999999995, ""eval_length_mean"": 8.0, ""eval_done_rate"": 1.0, ""eval_success_rate"": 1.0, ""episode"": 300}, {""eval_return_mean"": -0.04340619999999995, ""eval_return_std"": 0.0, ""eval_return_median"": -0.04340619999999995, ""eval_return_min"": -0.04340619999999995, ""eval_return_max"": -0.04340619999999995, ""eval_length_mean"": 8.0, ""eval_done_rate"": 1.0, ""eval_success_rate"": 1.0, ""episode"": 350}, {""eval_return_mean"": -0.04340619999999995, ""eval_return_std"": 0.0, ""eval_return_median"": -0.04340619999999995, ""eval_return_min"": -0.04340619999999995, ""eval_return_max"": -0.04340619999999995, ""eval_length_mean"": 8.0, ""eval_done_rate"": 1.0, ""eval_success_rate"": 1.0, ""episode"": 400}]",
True,24,24,42,cuda:0,222.2258265018463,400,False,,400,20,10,512,12000,1000.0,3,0.01,0.1,0.001,0.03,0.003,0.1,256,0.3,-0.04340619999999995,0.0,-0.04340619999999995,-0.04340619999999995,-0.04340619999999995,8.0,1.0,1.0,-0.04374448690406994,0.3016122555732727,0.2852194011211395,1.3695521354675293,"[3, 3, 3, 1, 3, 3, 1, 3, 3, 1, 3, 3, 1, 3, 1, 3, 3, 1, 1, 1, 3, 3, 3, 3, 3]","[0.2879081964492798, 0.2986791431903839, 0.29140377044677734, 0.30393528938293457, 0.2874951958656311, 0.28577834367752075, 0.30866020917892456, 0.29525628685951233, 0.31358474493026733, 0.3273252546787262, 0.29344093799591064, 0.29255613684654236, 0.2889953553676605, 0.2964445948600769, 0.34055832028388977, 0.2924269735813141, 0.29769495129585266, 0.2852194011211395, 0.2950021028518677, 0.3376762270927429, 0.2946467697620392, 0.3027874231338501, 0.2946569323539734, 0.3257729411125183, 0.3024008870124817]",0.012241317942218508,0.012344889689779724,0.0010357174756121567,0.035466445757940133,0.030048198818716204,0.04694487899541855,0.012389848005442843,0.0001157479874660996,0.012494757783859625,0.00010901005708783331,0.001049097784167812,0.00012936044370604274,0.04585791369900107,0.020942449249545917,0.02529291603139582,0.012886241157453114,"[{""eval_return_mean"": -0.9999734386011132, ""eval_return_std"": 0.0, ""eval_return_median"": -0.9999734386011132, ""eval_return_min"": -0.9999734386011132, ""eval_return_max"": -0.9999734386011132, ""eval_length_mean"": 100.0, ""eval_done_rate"": 0.0, ""eval_success_rate"": 0.0, ""episode"": 50}, {""eval_return_mean"": -0.9999734386011132, ""eval_return_std"": 0.0, ""eval_return_median"": -0.9999734386011132, ""eval_return_min"": -0.9999734386011132, ""eval_return_max"": -0.9999734386011132, ""eval_length_mean"": 100.0, ""eval_done_rate"": 0.0, ""eval_success_rate"": 0.0, ""episode"": 100}, {""eval_return_mean"": -0.9999734386011132, ""eval_return_std"": 0.0, ""eval_return_median"": -0.9999734386011132, ""eval_return_min"": -0.9999734386011132, ""eval_return_max"": -0.9999734386011132, ""eval_length_mean"": 100.0, ""eval_done_rate"": 0.0, ""eval_success_rate"": 0.0, ""episode"": 150}, {""eval_return_mean"": -0.04340619999999995, ""eval_return_std"": 0.0, ""eval_return_median"": -0.04340619999999995, ""eval_return_min"": -0.04340619999999995, ""eval_return_max"": -0.04340619999999995, ""eval_length_mean"": 8.0, ""eval_done_rate"": 1.0, ""eval_success_rate"": 1.0, ""episode"": 200}, {""eval_return_mean"": -0.04340619999999995, ""eval_return_std"": 0.0, ""eval_return_median"": -0.04340619999999995, ""eval_return_min"": -0.04340619999999995, ""eval_return_max"": -0.04340619999999995, ""eval_length_mean"": 8.0, ""eval_done_rate"": 1.0, ""eval_success_rate"": 1.0, ""episode"": 250}, {""eval_return_mean"": -0.04340619999999995, ""eval_return_std"": 0.0, ""eval_return_median"": -0.04340619999999995, ""eval_return_min"": -0.04340619999999995, ""eval_return_max"": -0.04340619999999995, ""eval_length_mean"": 8.0, ""eval_done_rate"": 1.0, ""eval_success_rate"": 1.0, ""episode"": 300}, {""eval_return_mean"": -0.04340619999999995, ""eval_return_std"": 0.0, ""eval_return_median"": -0.04340619999999995, ""eval_return_min"": -0.04340619999999995, ""eval_return_max"": -0.04340619999999995, ""eval_length_mean"": 8.0, ""eval_done_rate"": 1.0, ""eval_success_rate"": 1.0, ""episode"": 350}, {""eval_return_mean"": -0.04340619999999995, ""eval_return_std"": 0.0, ""eval_return_median"": -0.04340619999999995, ""eval_return_min"": -0.04340619999999995, ""eval_return_max"": -0.04340619999999995, ""eval_length_mean"": 8.0, ""eval_done_rate"": 1.0, ""eval_success_rate"": 1.0, ""episode"": 400}]",
True,25,25,42,cuda:0,231.34746861457825,400,False,,400,20,10,512,12000,1000.0,3,0.01,0.1,0.003,0.003,0.003,0.1,256,0.3,-0.04340619999999995,0.0,-0.04340619999999995,-0.04340619999999995,-0.04340619999999995,8.0,1.0,1.0,-0.04372804192108436,0.3028036558628082,0.2852077782154083,1.3688697814941406,"[3, 3, 3, 1, 3, 3, 1, 3, 3, 1, 3, 3, 1, 3, 1, 3, 3, 1, 1, 1, 3, 3, 3, 3, 3]","[0.2893126308917999, 0.3013592064380646, 0.2938905656337738, 0.30477938055992126, 0.29087600111961365, 0.2883063554763794, 0.3080735206604004, 0.29696232080459595, 0.3162101209163666, 0.327192097902298, 0.2961140275001526, 0.29441410303115845, 0.2888704836368561, 0.2982359230518341, 0.3390763998031616, 0.2951074242591858, 0.299276202917099, 0.2852077782154083, 0.29573264718055725, 0.3330117166042328, 0.2971217632293701, 0.3045027256011963, 0.2964286804199219, 0.3257448375225067, 0.3042844831943512]",0.012228018864526123,0.012451055238149083,0.0022303637362295976,0.015898509885612342,0.019976603926211915,0.03759222477674484,0.012380736868145153,0.0001137249908615296,0.012617891943752768,0.00011885711966165442,0.0023715507560761683,6.606289765496882e-05,0.046813228596001864,0.021239751606888162,0.020772953397968866,0.010944440501552919,"[{""eval_return_mean"": -0.9999734386011132, ""eval_return_std"": 0.0, ""eval_return_median"": -0.9999734386011132, ""eval_return_min"": -0.9999734386011132, ""eval_return_max"": -0.9999734386011132, ""eval_length_mean"": 100.0, ""eval_done_rate"": 0.0, ""eval_success_rate"": 0.0, ""episode"": 50}, {""eval_return_mean"": -0.9999734386011132, ""eval_return_std"": 0.0, ""eval_return_median"": -0.9999734386011132, ""eval_return_min"": -0.9999734386011132, ""eval_return_max"": -0.9999734386011132, ""eval_length_mean"": 100.0, ""eval_done_rate"": 0.0, ""eval_success_rate"": 0.0, ""episode"": 100}, {""eval_return_mean"": -0.9999734386011132, ""eval_return_std"": 0.0, ""eval_return_median"": -0.9999734386011132, ""eval_return_min"": -0.9999734386011132, ""eval_return_max"": -0.9999734386011132, ""eval_length_mean"": 100.0, ""eval_done_rate"": 0.0, ""eval_success_rate"": 0.0, ""episode"": 150}, {""eval_return_mean"": -0.9999734386011132, ""eval_return_std"": 0.0, ""eval_return_median"": -0.9999734386011132, ""eval_return_min"": -0.9999734386011132, ""eval_return_max"": -0.9999734386011132, ""eval_length_mean"": 100.0, ""eval_done_rate"": 0.0, ""eval_success_rate"": 0.0, ""episode"": 200}, {""eval_return_mean"": -0.04340619999999995, ""eval_return_std"": 0.0, ""eval_return_median"": -0.04340619999999995, ""eval_return_min"": -0.04340619999999995, ""eval_return_max"": -0.04340619999999995, ""eval_length_mean"": 8.0, ""eval_done_rate"": 1.0, ""eval_success_rate"": 1.0, ""episode"": 250}, {""eval_return_mean"": -0.04340619999999995, ""eval_return_std"": 0.0, ""eval_return_median"": -0.04340619999999995, ""eval_return_min"": -0.04340619999999995, ""eval_return_max"": -0.04340619999999995, ""eval_length_mean"": 8.0, ""eval_done_rate"": 1.0, ""eval_success_rate"": 1.0, ""episode"": 300}, {""eval_return_mean"": -0.04340619999999995, ""eval_return_std"": 0.0, ""eval_return_median"": -0.04340619999999995, ""eval_return_min"": -0.04340619999999995, ""eval_return_max"": -0.04340619999999995, ""eval_length_mean"": 8.0, ""eval_done_rate"": 1.0, ""eval_success_rate"": 1.0, ""episode"": 350}, {""eval_return_mean"": -0.04340619999999995, ""eval_return_std"": 0.0, ""eval_return_median"": -0.04340619999999995, ""eval_return_min"": -0.04340619999999995, ""eval_return_max"": -0.04340619999999995, ""eval_length_mean"": 8.0, ""eval_done_rate"": 1.0, ""eval_success_rate"": 1.0, ""episode"": 400}]",
True,26,26,42,cuda:0,226.56407594680786,400,False,,400,20,10,512,12000,1000.0,3,0.01,0.1,0.003,0.01,0.003,0.1,256,0.3,-0.04340619999999995,0.0,-0.04340619999999995,-0.04340619999999995,-0.04340619999999995,8.0,1.0,1.0,-0.04375968851341966,0.30344139456748964,0.28587305545806885,1.3684791326522827,"[3, 3, 3, 1, 3, 3, 1, 3, 3, 1, 3, 3, 1, 3, 1, 3, 3, 1, 1, 1, 3, 3, 3, 3, 3]","[0.2895869314670563, 0.30147868394851685, 0.29452523589134216, 0.30529728531837463, 0.2905953526496887, 0.2883201837539673, 0.3090377151966095, 0.297512024641037, 0.3164641261100769, 0.32819864153862, 0.2958921790122986, 0.29472658038139343, 0.2893710732460022, 0.29907068610191345, 0.3418728709220886, 0.29519641399383545, 0.2995246648788452, 0.28587305545806885, 0.2957168519496918, 0.3365073800086975, 0.29717323184013367, 0.3050343990325928, 0.29701054096221924, 0.32718849182128906, 0.30486026406288147]",0.012269312267218103,0.01236545559678946,0.0009614332957135762,0.026680922607935992,0.006910113243882769,0.051161207258701324,0.012451944276776972,0.00012723139158519637,0.012549986043959294,0.00012695333718344383,0.0009804176718232738,7.057884317415055e-05,0.04627478824928403,0.021223062110110012,0.023094342276521254,0.014125789231860912,"[{""eval_return_mean"": -0.9999734386011132, ""eval_return_std"": 0.0, ""eval_return_median"": -0.9999734386011132, ""eval_return_min"": -0.9999734386011132, ""eval_return_max"": -0.9999734386011132, ""eval_length_mean"": 100.0, ""eval_done_rate"": 0.0, ""eval_success_rate"": 0.0, ""episode"": 50}, {""eval_return_mean"": -0.9999734386011132, ""eval_return_std"": 0.0, ""eval_return_median"": -0.9999734386011132, ""eval_return_min"": -0.9999734386011132, ""eval_return_max"": -0.9999734386011132, ""eval_length_mean"": 100.0, ""eval_done_rate"": 0.0, ""eval_success_rate"": 0.0, ""episode"": 100}, {""eval_return_mean"": -0.9999734386011132, ""eval_return_std"": 0.0, ""eval_return_median"": -0.9999734386011132, ""eval_return_min"": -0.9999734386011132, ""eval_return_max"": -0.9999734386011132, ""eval_length_mean"": 100.0, ""eval_done_rate"": 0.0, ""eval_success_rate"": 0.0, ""episode"": 150}, {""eval_return_mean"": -0.9999734386011132, ""eval_return_std"": 0.0, ""eval_return_median"": -0.9999734386011132, ""eval_return_min"": -0.9999734386011132, ""eval_return_max"": -0.9999734386011132, ""eval_length_mean"": 100.0, ""eval_done_rate"": 0.0, ""eval_success_rate"": 0.0, ""episode"": 200}, {""eval_return_mean"": -0.04340619999999995, ""eval_return_std"": 0.0, ""eval_return_median"": -0.04340619999999995, ""eval_return_min"": -0.04340619999999995, ""eval_return_max"": -0.04340619999999995, ""eval_length_mean"": 8.0, ""eval_done_rate"": 1.0, ""eval_success_rate"": 1.0, ""episode"": 250}, {""eval_return_mean"": -0.04340619999999995, ""eval_return_std"": 0.0, ""eval_return_median"": -0.04340619999999995, ""eval_return_min"": -0.04340619999999995, ""eval_return_max"": -0.04340619999999995, ""eval_length_mean"": 8.0, ""eval_done_rate"": 1.0, ""eval_success_rate"": 1.0, ""episode"": 300}, {""eval_return_mean"": -0.04340619999999995, ""eval_return_std"": 0.0, ""eval_return_median"": -0.04340619999999995, ""eval_return_min"": -0.04340619999999995, ""eval_return_max"": -0.04340619999999995, ""eval_length_mean"": 8.0, ""eval_done_rate"": 1.0, ""eval_success_rate"": 1.0, ""episode"": 350}, {""eval_return_mean"": -0.04340619999999995, ""eval_return_std"": 0.0, ""eval_return_median"": -0.04340619999999995, ""eval_return_min"": -0.04340619999999995, ""eval_return_max"": -0.04340619999999995, ""eval_length_mean"": 8.0, ""eval_done_rate"": 1.0, ""eval_success_rate"": 1.0, ""episode"": 400}]",
True,27,27,42,cuda:0,259.5537555217743,400,False,,400,20,10,512,12000,1000.0,3,0.01,0.1,0.003,0.03,0.003,0.1,256,0.3,-0.04340619999999995,0.0,-0.04340619999999995,-0.04340619999999995,-0.04340619999999995,8.0,1.0,1.0,-0.04375552052493247,0.30313331246376035,0.286102831363678,1.3685954809188843,"[3, 3, 3, 1, 3, 3, 1, 3, 3, 1, 3, 3, 1, 3, 1, 3, 3, 1, 1, 1, 3, 3, 3, 3, 3]","[0.28914904594421387, 0.3008829653263092, 0.2936398983001709, 0.3050774037837982, 0.2897171378135681, 0.28735068440437317, 0.3092241585254669, 0.2970944941043854, 0.3158639371395111, 0.3285045325756073, 0.2952912747859955, 0.29425787925720215, 0.2894524335861206, 0.29819706082344055, 0.34227558970451355, 0.2944711744785309, 0.2993288040161133, 0.286102831363678, 0.29563388228416443, 0.3369635045528412, 0.29649654030799866, 0.30474501848220825, 0.29670506715774536, 0.3275104761123657, 0.30439701676368713]",0.012255114178184852,0.01236731688640927,0.0011220270822441933,0.026314167048640823,0.10873511983528501,0.048814453184604645,0.012441245287348673,0.0001380491839816511,0.01255064696942035,0.0001273617611357077,0.0010940168207167645,0.00019225421703039674,0.04634195493534207,0.02123635098926825,0.023148384462228843,0.013695701503983521,"[{""eval_return_mean"": -0.9999734386011132, ""eval_return_std"": 0.0, ""eval_return_median"": -0.9999734386011132, ""eval_return_min"": -0.9999734386011132, ""eval_return_max"": -0.9999734386011132, ""eval_length_mean"": 100.0, ""eval_done_rate"": 0.0, ""eval_success_rate"": 0.0, ""episode"": 50}, {""eval_return_mean"": -0.9999734386011132, ""eval_return_std"": 0.0, ""eval_return_median"": -0.9999734386011132, ""eval_return_min"": -0.9999734386011132, ""eval_return_max"": -0.9999734386011132, ""eval_length_mean"": 100.0, ""eval_done_rate"": 0.0, ""eval_success_rate"": 0.0, ""episode"": 100}, {""eval_return_mean"": -0.9999734386011132, ""eval_return_std"": 0.0, ""eval_return_median"": -0.9999734386011132, ""eval_return_min"": -0.9999734386011132, ""eval_return_max"": -0.9999734386011132, ""eval_length_mean"": 100.0, ""eval_done_rate"": 0.0, ""eval_success_rate"": 0.0, ""episode"": 150}, {""eval_return_mean"": -0.9999734386011132, ""eval_return_std"": 0.0, ""eval_return_median"": -0.9999734386011132, ""eval_return_min"": -0.9999734386011132, ""eval_return_max"": -0.9999734386011132, ""eval_length_mean"": 100.0, ""eval_done_rate"": 0.0, ""eval_success_rate"": 0.0, ""episode"": 200}, {""eval_return_mean"": -0.04340619999999995, ""eval_return_std"": 0.0, ""eval_return_median"": -0.04340619999999995, ""eval_return_min"": -0.04340619999999995, ""eval_return_max"": -0.04340619999999995, ""eval_length_mean"": 8.0, ""eval_done_rate"": 1.0, ""eval_success_rate"": 1.0, ""episode"": 250}, {""eval_return_mean"": -0.04340619999999995, ""eval_return_std"": 0.0, ""eval_return_median"": -0.04340619999999995, ""eval_return_min"": -0.04340619999999995, ""eval_return_max"": -0.04340619999999995, ""eval_length_mean"": 8.0, ""eval_done_rate"": 1.0, ""eval_success_rate"": 1.0, ""episode"": 300}, {""eval_return_mean"": -0.04340619999999995, ""eval_return_std"": 0.0, ""eval_return_median"": -0.04340619999999995, ""eval_return_min"": -0.04340619999999995, ""eval_return_max"": -0.04340619999999995, ""eval_length_mean"": 8.0, ""eval_done_rate"": 1.0, ""eval_success_rate"": 1.0, ""episode"": 350}, {""eval_return_mean"": -0.04340619999999995, ""eval_return_std"": 0.0, ""eval_return_median"": -0.04340619999999995, ""eval_return_min"": -0.04340619999999995, ""eval_return_max"": -0.04340619999999995, ""eval_length_mean"": 8.0, ""eval_done_rate"": 1.0, ""eval_success_rate"": 1.0, ""episode"": 400}]",
