sweep_family,problem,beta_update,T,alpha,eta,rho,beta_projection_radius,theta_lr,theta_inner_steps,theta_lambda,theta_mode,theta_optimizer,theta_start_mode,theta_include_beta_cov,policy_optimizer,policy_gradient,reinforce_samples,state_weight_update,intended_prob,dataset_path,grid_size,n_states,n_actions,gamma,x0,goal_state,pit_states,terminal_states,num_trajectories,max_steps,seed,device,status,error,solver_success_rate,solver_avg_return,solver_v_x0,solver_v_gap,greedy_success_rate,greedy_avg_return,greedy_v_x0,greedy_v_gap,final_total_loss,final_policy_objective,final_beta_objective,final_q_objective,final_theta_norm,final_policy_grad_norm,final_beta_grad_norm,final_theta_grad_norm,elapsed_seconds,run_idx
main_ablation,deterministic_10grid,fogas_full,10000,0.001,3e-05,1.0,,0.01,10,1e-08,reg_fixed,adam,warm,False,adam,exact,4,normal,1.0,/shared/home/mauro.diaz/work/FOGAS/data/datasets/generalization/10grid_tabular_new.csv,10,100,4,0.9,0,99,"18,32,57,61,75","18,32,57,61,75,99",100,50,42,cpu,failed,BrokenProcessPool('A process in the process pool was terminated abruptly while the future was running or pending.'),,,,,,,,,,,,,,,,,,1
main_ablation,deterministic_10grid,fogas_diag,10000,0.001,3e-05,0.01,,0.01,10,1e-08,reg_fixed,adam,warm,False,adam,exact,4,normal,1.0,/shared/home/mauro.diaz/work/FOGAS/data/datasets/generalization/10grid_tabular_new.csv,10,100,4,0.9,0,99,"18,32,57,61,75","18,32,57,61,75,99",100,50,42,cpu,failed,BrokenProcessPool('A process in the process pool was terminated abruptly while the future was running or pending.'),,,,,,,,,,,,,,,,,,2
main_ablation,deterministic_10grid,fogas_diag,10000,0.001,3e-05,0.1,,0.01,10,1e-08,reg_fixed,adam,warm,False,adam,exact,4,normal,1.0,/shared/home/mauro.diaz/work/FOGAS/data/datasets/generalization/10grid_tabular_new.csv,10,100,4,0.9,0,99,"18,32,57,61,75","18,32,57,61,75,99",100,50,42,cpu,failed,BrokenProcessPool('A process in the process pool was terminated abruptly while the future was running or pending.'),,,,,,,,,,,,,,,,,,3
main_ablation,deterministic_10grid,fogas_diag,10000,0.001,3e-05,0.5,,0.01,10,1e-08,reg_fixed,adam,warm,False,adam,exact,4,normal,1.0,/shared/home/mauro.diaz/work/FOGAS/data/datasets/generalization/10grid_tabular_new.csv,10,100,4,0.9,0,99,"18,32,57,61,75","18,32,57,61,75,99",100,50,42,cpu,failed,BrokenProcessPool('A process in the process pool was terminated abruptly while the future was running or pending.'),,,,,,,,,,,,,,,,,,4
main_ablation,deterministic_10grid,fogas_diag,10000,0.001,3e-05,1.0,,0.01,10,1e-08,reg_fixed,adam,warm,False,adam,exact,4,normal,1.0,/shared/home/mauro.diaz/work/FOGAS/data/datasets/generalization/10grid_tabular_new.csv,10,100,4,0.9,0,99,"18,32,57,61,75","18,32,57,61,75,99",100,50,42,cpu,failed,BrokenProcessPool('A process in the process pool was terminated abruptly while the future was running or pending.'),,,,,,,,,,,,,,,,,,5
main_ablation,deterministic_10grid,fogas_diag,10000,0.001,3e-05,2.0,,0.01,10,1e-08,reg_fixed,adam,warm,False,adam,exact,4,normal,1.0,/shared/home/mauro.diaz/work/FOGAS/data/datasets/generalization/10grid_tabular_new.csv,10,100,4,0.9,0,99,"18,32,57,61,75","18,32,57,61,75,99",100,50,42,cpu,failed,BrokenProcessPool('A process in the process pool was terminated abruptly while the future was running or pending.'),,,,,,,,,,,,,,,,,,6
main_ablation,deterministic_10grid,fogas_diag,10000,0.001,0.0001,0.01,,0.01,10,1e-08,reg_fixed,adam,warm,False,adam,exact,4,normal,1.0,/shared/home/mauro.diaz/work/FOGAS/data/datasets/generalization/10grid_tabular_new.csv,10,100,4,0.9,0,99,"18,32,57,61,75","18,32,57,61,75,99",100,50,42,cpu,failed,BrokenProcessPool('A process in the process pool was terminated abruptly while the future was running or pending.'),,,,,,,,,,,,,,,,,,7
main_ablation,deterministic_10grid,fogas_diag,10000,0.001,0.0001,0.1,,0.01,10,1e-08,reg_fixed,adam,warm,False,adam,exact,4,normal,1.0,/shared/home/mauro.diaz/work/FOGAS/data/datasets/generalization/10grid_tabular_new.csv,10,100,4,0.9,0,99,"18,32,57,61,75","18,32,57,61,75,99",100,50,42,cpu,failed,BrokenProcessPool('A process in the process pool was terminated abruptly while the future was running or pending.'),,,,,,,,,,,,,,,,,,8
main_ablation,deterministic_10grid,fogas_diag,10000,0.001,0.0001,0.5,,0.01,10,1e-08,reg_fixed,adam,warm,False,adam,exact,4,normal,1.0,/shared/home/mauro.diaz/work/FOGAS/data/datasets/generalization/10grid_tabular_new.csv,10,100,4,0.9,0,99,"18,32,57,61,75","18,32,57,61,75,99",100,50,42,cpu,failed,BrokenProcessPool('A process in the process pool was terminated abruptly while the future was running or pending.'),,,,,,,,,,,,,,,,,,9
main_ablation,deterministic_10grid,fogas_diag,10000,0.001,0.0001,1.0,,0.01,10,1e-08,reg_fixed,adam,warm,False,adam,exact,4,normal,1.0,/shared/home/mauro.diaz/work/FOGAS/data/datasets/generalization/10grid_tabular_new.csv,10,100,4,0.9,0,99,"18,32,57,61,75","18,32,57,61,75,99",100,50,42,cpu,failed,BrokenProcessPool('A process in the process pool was terminated abruptly while the future was running or pending.'),,,,,,,,,,,,,,,,,,10
main_ablation,deterministic_10grid,fogas_diag,10000,0.001,0.0001,2.0,,0.01,10,1e-08,reg_fixed,adam,warm,False,adam,exact,4,normal,1.0,/shared/home/mauro.diaz/work/FOGAS/data/datasets/generalization/10grid_tabular_new.csv,10,100,4,0.9,0,99,"18,32,57,61,75","18,32,57,61,75,99",100,50,42,cpu,failed,BrokenProcessPool('A process in the process pool was terminated abruptly while the future was running or pending.'),,,,,,,,,,,,,,,,,,11
main_ablation,deterministic_10grid,fogas_diag,10000,0.001,0.0003,0.01,,0.01,10,1e-08,reg_fixed,adam,warm,False,adam,exact,4,normal,1.0,/shared/home/mauro.diaz/work/FOGAS/data/datasets/generalization/10grid_tabular_new.csv,10,100,4,0.9,0,99,"18,32,57,61,75","18,32,57,61,75,99",100,50,42,cpu,failed,BrokenProcessPool('A process in the process pool was terminated abruptly while the future was running or pending.'),,,,,,,,,,,,,,,,,,12
main_ablation,deterministic_10grid,fogas_diag,10000,0.001,0.0003,0.1,,0.01,10,1e-08,reg_fixed,adam,warm,False,adam,exact,4,normal,1.0,/shared/home/mauro.diaz/work/FOGAS/data/datasets/generalization/10grid_tabular_new.csv,10,100,4,0.9,0,99,"18,32,57,61,75","18,32,57,61,75,99",100,50,42,cpu,failed,BrokenProcessPool('A process in the process pool was terminated abruptly while the future was running or pending.'),,,,,,,,,,,,,,,,,,13
main_ablation,deterministic_10grid,fogas_diag,10000,0.001,0.0003,0.5,,0.01,10,1e-08,reg_fixed,adam,warm,False,adam,exact,4,normal,1.0,/shared/home/mauro.diaz/work/FOGAS/data/datasets/generalization/10grid_tabular_new.csv,10,100,4,0.9,0,99,"18,32,57,61,75","18,32,57,61,75,99",100,50,42,cpu,failed,BrokenProcessPool('A process in the process pool was terminated abruptly while the future was running or pending.'),,,,,,,,,,,,,,,,,,14
main_ablation,deterministic_10grid,fogas_diag,10000,0.001,0.0003,1.0,,0.01,10,1e-08,reg_fixed,adam,warm,False,adam,exact,4,normal,1.0,/shared/home/mauro.diaz/work/FOGAS/data/datasets/generalization/10grid_tabular_new.csv,10,100,4,0.9,0,99,"18,32,57,61,75","18,32,57,61,75,99",100,50,42,cpu,failed,BrokenProcessPool('A process in the process pool was terminated abruptly while the future was running or pending.'),,,,,,,,,,,,,,,,,,15
main_ablation,deterministic_10grid,fogas_diag,10000,0.001,0.0003,2.0,,0.01,10,1e-08,reg_fixed,adam,warm,False,adam,exact,4,normal,1.0,/shared/home/mauro.diaz/work/FOGAS/data/datasets/generalization/10grid_tabular_new.csv,10,100,4,0.9,0,99,"18,32,57,61,75","18,32,57,61,75,99",100,50,42,cpu,failed,BrokenProcessPool('A process in the process pool was terminated abruptly while the future was running or pending.'),,,,,,,,,,,,,,,,,,16
main_ablation,deterministic_10grid,fogas_diag,10000,0.001,0.001,0.01,,0.01,10,1e-08,reg_fixed,adam,warm,False,adam,exact,4,normal,1.0,/shared/home/mauro.diaz/work/FOGAS/data/datasets/generalization/10grid_tabular_new.csv,10,100,4,0.9,0,99,"18,32,57,61,75","18,32,57,61,75,99",100,50,42,cpu,failed,BrokenProcessPool('A process in the process pool was terminated abruptly while the future was running or pending.'),,,,,,,,,,,,,,,,,,17
main_ablation,deterministic_10grid,fogas_diag,10000,0.001,0.001,0.1,,0.01,10,1e-08,reg_fixed,adam,warm,False,adam,exact,4,normal,1.0,/shared/home/mauro.diaz/work/FOGAS/data/datasets/generalization/10grid_tabular_new.csv,10,100,4,0.9,0,99,"18,32,57,61,75","18,32,57,61,75,99",100,50,42,cpu,failed,BrokenProcessPool('A process in the process pool was terminated abruptly while the future was running or pending.'),,,,,,,,,,,,,,,,,,18
main_ablation,deterministic_10grid,fogas_diag,10000,0.001,0.001,0.5,,0.01,10,1e-08,reg_fixed,adam,warm,False,adam,exact,4,normal,1.0,/shared/home/mauro.diaz/work/FOGAS/data/datasets/generalization/10grid_tabular_new.csv,10,100,4,0.9,0,99,"18,32,57,61,75","18,32,57,61,75,99",100,50,42,cpu,failed,BrokenProcessPool('A process in the process pool was terminated abruptly while the future was running or pending.'),,,,,,,,,,,,,,,,,,19
main_ablation,deterministic_10grid,fogas_diag,10000,0.001,0.001,1.0,,0.01,10,1e-08,reg_fixed,adam,warm,False,adam,exact,4,normal,1.0,/shared/home/mauro.diaz/work/FOGAS/data/datasets/generalization/10grid_tabular_new.csv,10,100,4,0.9,0,99,"18,32,57,61,75","18,32,57,61,75,99",100,50,42,cpu,failed,BrokenProcessPool('A process in the process pool was terminated abruptly while the future was running or pending.'),,,,,,,,,,,,,,,,,,20
main_ablation,deterministic_10grid,fogas_diag,10000,0.001,0.001,2.0,,0.01,10,1e-08,reg_fixed,adam,warm,False,adam,exact,4,normal,1.0,/shared/home/mauro.diaz/work/FOGAS/data/datasets/generalization/10grid_tabular_new.csv,10,100,4,0.9,0,99,"18,32,57,61,75","18,32,57,61,75,99",100,50,42,cpu,failed,BrokenProcessPool('A process in the process pool was terminated abruptly while the future was running or pending.'),,,,,,,,,,,,,,,,,,21
main_ablation,deterministic_10grid,projected_gradient,10000,0.001,3e-06,1.0,,0.01,10,1e-08,reg_fixed,adam,warm,False,adam,exact,4,normal,1.0,/shared/home/mauro.diaz/work/FOGAS/data/datasets/generalization/10grid_tabular_new.csv,10,100,4,0.9,0,99,"18,32,57,61,75","18,32,57,61,75,99",100,50,42,cpu,failed,BrokenProcessPool('A process in the process pool was terminated abruptly while the future was running or pending.'),,,,,,,,,,,,,,,,,,22
main_ablation,deterministic_10grid,projected_gradient,10000,0.001,3e-06,1.0,0.1,0.01,10,1e-08,reg_fixed,adam,warm,False,adam,exact,4,normal,1.0,/shared/home/mauro.diaz/work/FOGAS/data/datasets/generalization/10grid_tabular_new.csv,10,100,4,0.9,0,99,"18,32,57,61,75","18,32,57,61,75,99",100,50,42,cpu,failed,BrokenProcessPool('A process in the process pool was terminated abruptly while the future was running or pending.'),,,,,,,,,,,,,,,,,,23
main_ablation,deterministic_10grid,projected_gradient,10000,0.001,3e-06,1.0,0.25,0.01,10,1e-08,reg_fixed,adam,warm,False,adam,exact,4,normal,1.0,/shared/home/mauro.diaz/work/FOGAS/data/datasets/generalization/10grid_tabular_new.csv,10,100,4,0.9,0,99,"18,32,57,61,75","18,32,57,61,75,99",100,50,42,cpu,failed,BrokenProcessPool('A process in the process pool was terminated abruptly while the future was running or pending.'),,,,,,,,,,,,,,,,,,24
main_ablation,deterministic_10grid,projected_gradient,10000,0.001,3e-06,1.0,0.5,0.01,10,1e-08,reg_fixed,adam,warm,False,adam,exact,4,normal,1.0,/shared/home/mauro.diaz/work/FOGAS/data/datasets/generalization/10grid_tabular_new.csv,10,100,4,0.9,0,99,"18,32,57,61,75","18,32,57,61,75,99",100,50,42,cpu,failed,BrokenProcessPool('A process in the process pool was terminated abruptly while the future was running or pending.'),,,,,,,,,,,,,,,,,,25
main_ablation,deterministic_10grid,projected_gradient,10000,0.001,3e-06,1.0,1.0,0.01,10,1e-08,reg_fixed,adam,warm,False,adam,exact,4,normal,1.0,/shared/home/mauro.diaz/work/FOGAS/data/datasets/generalization/10grid_tabular_new.csv,10,100,4,0.9,0,99,"18,32,57,61,75","18,32,57,61,75,99",100,50,42,cpu,failed,BrokenProcessPool('A process in the process pool was terminated abruptly while the future was running or pending.'),,,,,,,,,,,,,,,,,,26
main_ablation,deterministic_10grid,projected_gradient,10000,0.001,3e-06,1.0,2.0,0.01,10,1e-08,reg_fixed,adam,warm,False,adam,exact,4,normal,1.0,/shared/home/mauro.diaz/work/FOGAS/data/datasets/generalization/10grid_tabular_new.csv,10,100,4,0.9,0,99,"18,32,57,61,75","18,32,57,61,75,99",100,50,42,cpu,failed,BrokenProcessPool('A process in the process pool was terminated abruptly while the future was running or pending.'),,,,,,,,,,,,,,,,,,27
main_ablation,deterministic_10grid,projected_gradient,10000,0.001,3e-06,1.0,5.0,0.01,10,1e-08,reg_fixed,adam,warm,False,adam,exact,4,normal,1.0,/shared/home/mauro.diaz/work/FOGAS/data/datasets/generalization/10grid_tabular_new.csv,10,100,4,0.9,0,99,"18,32,57,61,75","18,32,57,61,75,99",100,50,42,cpu,failed,BrokenProcessPool('A process in the process pool was terminated abruptly while the future was running or pending.'),,,,,,,,,,,,,,,,,,28
main_ablation,deterministic_10grid,projected_gradient,10000,0.001,3e-06,1.0,10.0,0.01,10,1e-08,reg_fixed,adam,warm,False,adam,exact,4,normal,1.0,/shared/home/mauro.diaz/work/FOGAS/data/datasets/generalization/10grid_tabular_new.csv,10,100,4,0.9,0,99,"18,32,57,61,75","18,32,57,61,75,99",100,50,42,cpu,failed,BrokenProcessPool('A process in the process pool was terminated abruptly while the future was running or pending.'),,,,,,,,,,,,,,,,,,29
main_ablation,deterministic_10grid,projected_gradient,10000,0.001,1e-05,1.0,,0.01,10,1e-08,reg_fixed,adam,warm,False,adam,exact,4,normal,1.0,/shared/home/mauro.diaz/work/FOGAS/data/datasets/generalization/10grid_tabular_new.csv,10,100,4,0.9,0,99,"18,32,57,61,75","18,32,57,61,75,99",100,50,42,cpu,failed,BrokenProcessPool('A process in the process pool was terminated abruptly while the future was running or pending.'),,,,,,,,,,,,,,,,,,30
main_ablation,deterministic_10grid,projected_gradient,10000,0.001,1e-05,1.0,0.1,0.01,10,1e-08,reg_fixed,adam,warm,False,adam,exact,4,normal,1.0,/shared/home/mauro.diaz/work/FOGAS/data/datasets/generalization/10grid_tabular_new.csv,10,100,4,0.9,0,99,"18,32,57,61,75","18,32,57,61,75,99",100,50,42,cpu,failed,BrokenProcessPool('A process in the process pool was terminated abruptly while the future was running or pending.'),,,,,,,,,,,,,,,,,,31
main_ablation,deterministic_10grid,projected_gradient,10000,0.001,1e-05,1.0,0.25,0.01,10,1e-08,reg_fixed,adam,warm,False,adam,exact,4,normal,1.0,/shared/home/mauro.diaz/work/FOGAS/data/datasets/generalization/10grid_tabular_new.csv,10,100,4,0.9,0,99,"18,32,57,61,75","18,32,57,61,75,99",100,50,42,cpu,failed,BrokenProcessPool('A process in the process pool was terminated abruptly while the future was running or pending.'),,,,,,,,,,,,,,,,,,32
main_ablation,deterministic_10grid,projected_gradient,10000,0.001,1e-05,1.0,0.5,0.01,10,1e-08,reg_fixed,adam,warm,False,adam,exact,4,normal,1.0,/shared/home/mauro.diaz/work/FOGAS/data/datasets/generalization/10grid_tabular_new.csv,10,100,4,0.9,0,99,"18,32,57,61,75","18,32,57,61,75,99",100,50,42,cpu,failed,BrokenProcessPool('A process in the process pool was terminated abruptly while the future was running or pending.'),,,,,,,,,,,,,,,,,,33
main_ablation,deterministic_10grid,projected_gradient,10000,0.001,1e-05,1.0,1.0,0.01,10,1e-08,reg_fixed,adam,warm,False,adam,exact,4,normal,1.0,/shared/home/mauro.diaz/work/FOGAS/data/datasets/generalization/10grid_tabular_new.csv,10,100,4,0.9,0,99,"18,32,57,61,75","18,32,57,61,75,99",100,50,42,cpu,failed,BrokenProcessPool('A process in the process pool was terminated abruptly while the future was running or pending.'),,,,,,,,,,,,,,,,,,34
main_ablation,deterministic_10grid,projected_gradient,10000,0.001,1e-05,1.0,2.0,0.01,10,1e-08,reg_fixed,adam,warm,False,adam,exact,4,normal,1.0,/shared/home/mauro.diaz/work/FOGAS/data/datasets/generalization/10grid_tabular_new.csv,10,100,4,0.9,0,99,"18,32,57,61,75","18,32,57,61,75,99",100,50,42,cpu,failed,BrokenProcessPool('A process in the process pool was terminated abruptly while the future was running or pending.'),,,,,,,,,,,,,,,,,,35
main_ablation,deterministic_10grid,projected_gradient,10000,0.001,1e-05,1.0,5.0,0.01,10,1e-08,reg_fixed,adam,warm,False,adam,exact,4,normal,1.0,/shared/home/mauro.diaz/work/FOGAS/data/datasets/generalization/10grid_tabular_new.csv,10,100,4,0.9,0,99,"18,32,57,61,75","18,32,57,61,75,99",100,50,42,cpu,failed,BrokenProcessPool('A process in the process pool was terminated abruptly while the future was running or pending.'),,,,,,,,,,,,,,,,,,36
main_ablation,deterministic_10grid,projected_gradient,10000,0.001,1e-05,1.0,10.0,0.01,10,1e-08,reg_fixed,adam,warm,False,adam,exact,4,normal,1.0,/shared/home/mauro.diaz/work/FOGAS/data/datasets/generalization/10grid_tabular_new.csv,10,100,4,0.9,0,99,"18,32,57,61,75","18,32,57,61,75,99",100,50,42,cpu,failed,BrokenProcessPool('A process in the process pool was terminated abruptly while the future was running or pending.'),,,,,,,,,,,,,,,,,,37
main_ablation,deterministic_10grid,projected_gradient,10000,0.001,3e-05,1.0,,0.01,10,1e-08,reg_fixed,adam,warm,False,adam,exact,4,normal,1.0,/shared/home/mauro.diaz/work/FOGAS/data/datasets/generalization/10grid_tabular_new.csv,10,100,4,0.9,0,99,"18,32,57,61,75","18,32,57,61,75,99",100,50,42,cpu,failed,BrokenProcessPool('A process in the process pool was terminated abruptly while the future was running or pending.'),,,,,,,,,,,,,,,,,,38
main_ablation,deterministic_10grid,projected_gradient,10000,0.001,3e-05,1.0,0.1,0.01,10,1e-08,reg_fixed,adam,warm,False,adam,exact,4,normal,1.0,/shared/home/mauro.diaz/work/FOGAS/data/datasets/generalization/10grid_tabular_new.csv,10,100,4,0.9,0,99,"18,32,57,61,75","18,32,57,61,75,99",100,50,42,cpu,failed,BrokenProcessPool('A process in the process pool was terminated abruptly while the future was running or pending.'),,,,,,,,,,,,,,,,,,39
main_ablation,deterministic_10grid,projected_gradient,10000,0.001,3e-05,1.0,0.25,0.01,10,1e-08,reg_fixed,adam,warm,False,adam,exact,4,normal,1.0,/shared/home/mauro.diaz/work/FOGAS/data/datasets/generalization/10grid_tabular_new.csv,10,100,4,0.9,0,99,"18,32,57,61,75","18,32,57,61,75,99",100,50,42,cpu,failed,BrokenProcessPool('A process in the process pool was terminated abruptly while the future was running or pending.'),,,,,,,,,,,,,,,,,,40
main_ablation,deterministic_10grid,projected_gradient,10000,0.001,3e-05,1.0,0.5,0.01,10,1e-08,reg_fixed,adam,warm,False,adam,exact,4,normal,1.0,/shared/home/mauro.diaz/work/FOGAS/data/datasets/generalization/10grid_tabular_new.csv,10,100,4,0.9,0,99,"18,32,57,61,75","18,32,57,61,75,99",100,50,42,cpu,failed,BrokenProcessPool('A process in the process pool was terminated abruptly while the future was running or pending.'),,,,,,,,,,,,,,,,,,41
main_ablation,deterministic_10grid,projected_gradient,10000,0.001,3e-05,1.0,1.0,0.01,10,1e-08,reg_fixed,adam,warm,False,adam,exact,4,normal,1.0,/shared/home/mauro.diaz/work/FOGAS/data/datasets/generalization/10grid_tabular_new.csv,10,100,4,0.9,0,99,"18,32,57,61,75","18,32,57,61,75,99",100,50,42,cpu,failed,BrokenProcessPool('A process in the process pool was terminated abruptly while the future was running or pending.'),,,,,,,,,,,,,,,,,,42
main_ablation,deterministic_10grid,projected_gradient,10000,0.001,3e-05,1.0,2.0,0.01,10,1e-08,reg_fixed,adam,warm,False,adam,exact,4,normal,1.0,/shared/home/mauro.diaz/work/FOGAS/data/datasets/generalization/10grid_tabular_new.csv,10,100,4,0.9,0,99,"18,32,57,61,75","18,32,57,61,75,99",100,50,42,cpu,failed,BrokenProcessPool('A process in the process pool was terminated abruptly while the future was running or pending.'),,,,,,,,,,,,,,,,,,43
main_ablation,deterministic_10grid,projected_gradient,10000,0.001,3e-05,1.0,5.0,0.01,10,1e-08,reg_fixed,adam,warm,False,adam,exact,4,normal,1.0,/shared/home/mauro.diaz/work/FOGAS/data/datasets/generalization/10grid_tabular_new.csv,10,100,4,0.9,0,99,"18,32,57,61,75","18,32,57,61,75,99",100,50,42,cpu,failed,BrokenProcessPool('A process in the process pool was terminated abruptly while the future was running or pending.'),,,,,,,,,,,,,,,,,,44
main_ablation,deterministic_10grid,projected_gradient,10000,0.001,3e-05,1.0,10.0,0.01,10,1e-08,reg_fixed,adam,warm,False,adam,exact,4,normal,1.0,/shared/home/mauro.diaz/work/FOGAS/data/datasets/generalization/10grid_tabular_new.csv,10,100,4,0.9,0,99,"18,32,57,61,75","18,32,57,61,75,99",100,50,42,cpu,failed,BrokenProcessPool('A process in the process pool was terminated abruptly while the future was running or pending.'),,,,,,,,,,,,,,,,,,45
main_ablation,deterministic_10grid,projected_gradient,10000,0.001,0.0001,1.0,,0.01,10,1e-08,reg_fixed,adam,warm,False,adam,exact,4,normal,1.0,/shared/home/mauro.diaz/work/FOGAS/data/datasets/generalization/10grid_tabular_new.csv,10,100,4,0.9,0,99,"18,32,57,61,75","18,32,57,61,75,99",100,50,42,cpu,failed,BrokenProcessPool('A process in the process pool was terminated abruptly while the future was running or pending.'),,,,,,,,,,,,,,,,,,46
main_ablation,deterministic_10grid,projected_gradient,10000,0.001,0.0001,1.0,0.1,0.01,10,1e-08,reg_fixed,adam,warm,False,adam,exact,4,normal,1.0,/shared/home/mauro.diaz/work/FOGAS/data/datasets/generalization/10grid_tabular_new.csv,10,100,4,0.9,0,99,"18,32,57,61,75","18,32,57,61,75,99",100,50,42,cpu,failed,BrokenProcessPool('A process in the process pool was terminated abruptly while the future was running or pending.'),,,,,,,,,,,,,,,,,,47
main_ablation,deterministic_10grid,projected_gradient,10000,0.001,0.0001,1.0,0.25,0.01,10,1e-08,reg_fixed,adam,warm,False,adam,exact,4,normal,1.0,/shared/home/mauro.diaz/work/FOGAS/data/datasets/generalization/10grid_tabular_new.csv,10,100,4,0.9,0,99,"18,32,57,61,75","18,32,57,61,75,99",100,50,42,cpu,failed,BrokenProcessPool('A process in the process pool was terminated abruptly while the future was running or pending.'),,,,,,,,,,,,,,,,,,48
main_ablation,deterministic_10grid,projected_gradient,10000,0.001,0.0001,1.0,0.5,0.01,10,1e-08,reg_fixed,adam,warm,False,adam,exact,4,normal,1.0,/shared/home/mauro.diaz/work/FOGAS/data/datasets/generalization/10grid_tabular_new.csv,10,100,4,0.9,0,99,"18,32,57,61,75","18,32,57,61,75,99",100,50,42,cpu,failed,BrokenProcessPool('A process in the process pool was terminated abruptly while the future was running or pending.'),,,,,,,,,,,,,,,,,,49
main_ablation,deterministic_10grid,projected_gradient,10000,0.001,0.0001,1.0,1.0,0.01,10,1e-08,reg_fixed,adam,warm,False,adam,exact,4,normal,1.0,/shared/home/mauro.diaz/work/FOGAS/data/datasets/generalization/10grid_tabular_new.csv,10,100,4,0.9,0,99,"18,32,57,61,75","18,32,57,61,75,99",100,50,42,cpu,failed,BrokenProcessPool('A process in the process pool was terminated abruptly while the future was running or pending.'),,,,,,,,,,,,,,,,,,50
main_ablation,deterministic_10grid,projected_gradient,10000,0.001,0.0001,1.0,2.0,0.01,10,1e-08,reg_fixed,adam,warm,False,adam,exact,4,normal,1.0,/shared/home/mauro.diaz/work/FOGAS/data/datasets/generalization/10grid_tabular_new.csv,10,100,4,0.9,0,99,"18,32,57,61,75","18,32,57,61,75,99",100,50,42,cpu,failed,BrokenProcessPool('A process in the process pool was terminated abruptly while the future was running or pending.'),,,,,,,,,,,,,,,,,,51
main_ablation,deterministic_10grid,projected_gradient,10000,0.001,0.0001,1.0,5.0,0.01,10,1e-08,reg_fixed,adam,warm,False,adam,exact,4,normal,1.0,/shared/home/mauro.diaz/work/FOGAS/data/datasets/generalization/10grid_tabular_new.csv,10,100,4,0.9,0,99,"18,32,57,61,75","18,32,57,61,75,99",100,50,42,cpu,failed,BrokenProcessPool('A process in the process pool was terminated abruptly while the future was running or pending.'),,,,,,,,,,,,,,,,,,52
main_ablation,deterministic_10grid,projected_gradient,10000,0.001,0.0001,1.0,10.0,0.01,10,1e-08,reg_fixed,adam,warm,False,adam,exact,4,normal,1.0,/shared/home/mauro.diaz/work/FOGAS/data/datasets/generalization/10grid_tabular_new.csv,10,100,4,0.9,0,99,"18,32,57,61,75","18,32,57,61,75,99",100,50,42,cpu,failed,BrokenProcessPool('A process in the process pool was terminated abruptly while the future was running or pending.'),,,,,,,,,,,,,,,,,,53
main_ablation,deterministic_10grid,projected_gradient,10000,0.001,0.0003,1.0,,0.01,10,1e-08,reg_fixed,adam,warm,False,adam,exact,4,normal,1.0,/shared/home/mauro.diaz/work/FOGAS/data/datasets/generalization/10grid_tabular_new.csv,10,100,4,0.9,0,99,"18,32,57,61,75","18,32,57,61,75,99",100,50,42,cpu,failed,BrokenProcessPool('A process in the process pool was terminated abruptly while the future was running or pending.'),,,,,,,,,,,,,,,,,,54
main_ablation,deterministic_10grid,projected_gradient,10000,0.001,0.0003,1.0,0.1,0.01,10,1e-08,reg_fixed,adam,warm,False,adam,exact,4,normal,1.0,/shared/home/mauro.diaz/work/FOGAS/data/datasets/generalization/10grid_tabular_new.csv,10,100,4,0.9,0,99,"18,32,57,61,75","18,32,57,61,75,99",100,50,42,cpu,failed,BrokenProcessPool('A process in the process pool was terminated abruptly while the future was running or pending.'),,,,,,,,,,,,,,,,,,55
main_ablation,deterministic_10grid,projected_gradient,10000,0.001,0.0003,1.0,0.25,0.01,10,1e-08,reg_fixed,adam,warm,False,adam,exact,4,normal,1.0,/shared/home/mauro.diaz/work/FOGAS/data/datasets/generalization/10grid_tabular_new.csv,10,100,4,0.9,0,99,"18,32,57,61,75","18,32,57,61,75,99",100,50,42,cpu,failed,BrokenProcessPool('A process in the process pool was terminated abruptly while the future was running or pending.'),,,,,,,,,,,,,,,,,,56
main_ablation,deterministic_10grid,projected_gradient,10000,0.001,0.0003,1.0,0.5,0.01,10,1e-08,reg_fixed,adam,warm,False,adam,exact,4,normal,1.0,/shared/home/mauro.diaz/work/FOGAS/data/datasets/generalization/10grid_tabular_new.csv,10,100,4,0.9,0,99,"18,32,57,61,75","18,32,57,61,75,99",100,50,42,cpu,failed,BrokenProcessPool('A process in the process pool was terminated abruptly while the future was running or pending.'),,,,,,,,,,,,,,,,,,57
main_ablation,deterministic_10grid,projected_gradient,10000,0.001,0.0003,1.0,1.0,0.01,10,1e-08,reg_fixed,adam,warm,False,adam,exact,4,normal,1.0,/shared/home/mauro.diaz/work/FOGAS/data/datasets/generalization/10grid_tabular_new.csv,10,100,4,0.9,0,99,"18,32,57,61,75","18,32,57,61,75,99",100,50,42,cpu,failed,BrokenProcessPool('A process in the process pool was terminated abruptly while the future was running or pending.'),,,,,,,,,,,,,,,,,,58
main_ablation,deterministic_10grid,projected_gradient,10000,0.001,0.0003,1.0,2.0,0.01,10,1e-08,reg_fixed,adam,warm,False,adam,exact,4,normal,1.0,/shared/home/mauro.diaz/work/FOGAS/data/datasets/generalization/10grid_tabular_new.csv,10,100,4,0.9,0,99,"18,32,57,61,75","18,32,57,61,75,99",100,50,42,cpu,failed,BrokenProcessPool('A process in the process pool was terminated abruptly while the future was running or pending.'),,,,,,,,,,,,,,,,,,59
main_ablation,deterministic_10grid,projected_gradient,10000,0.001,0.0003,1.0,5.0,0.01,10,1e-08,reg_fixed,adam,warm,False,adam,exact,4,normal,1.0,/shared/home/mauro.diaz/work/FOGAS/data/datasets/generalization/10grid_tabular_new.csv,10,100,4,0.9,0,99,"18,32,57,61,75","18,32,57,61,75,99",100,50,42,cpu,failed,BrokenProcessPool('A process in the process pool was terminated abruptly while the future was running or pending.'),,,,,,,,,,,,,,,,,,60
main_ablation,deterministic_10grid,projected_gradient,10000,0.001,0.0003,1.0,10.0,0.01,10,1e-08,reg_fixed,adam,warm,False,adam,exact,4,normal,1.0,/shared/home/mauro.diaz/work/FOGAS/data/datasets/generalization/10grid_tabular_new.csv,10,100,4,0.9,0,99,"18,32,57,61,75","18,32,57,61,75,99",100,50,42,cpu,failed,BrokenProcessPool('A process in the process pool was terminated abruptly while the future was running or pending.'),,,,,,,,,,,,,,,,,,61
main_ablation,deterministic_10grid,projected_gradient,10000,0.001,0.001,1.0,,0.01,10,1e-08,reg_fixed,adam,warm,False,adam,exact,4,normal,1.0,/shared/home/mauro.diaz/work/FOGAS/data/datasets/generalization/10grid_tabular_new.csv,10,100,4,0.9,0,99,"18,32,57,61,75","18,32,57,61,75,99",100,50,42,cpu,failed,BrokenProcessPool('A process in the process pool was terminated abruptly while the future was running or pending.'),,,,,,,,,,,,,,,,,,62
main_ablation,deterministic_10grid,projected_gradient,10000,0.001,0.001,1.0,0.1,0.01,10,1e-08,reg_fixed,adam,warm,False,adam,exact,4,normal,1.0,/shared/home/mauro.diaz/work/FOGAS/data/datasets/generalization/10grid_tabular_new.csv,10,100,4,0.9,0,99,"18,32,57,61,75","18,32,57,61,75,99",100,50,42,cpu,failed,BrokenProcessPool('A process in the process pool was terminated abruptly while the future was running or pending.'),,,,,,,,,,,,,,,,,,63
main_ablation,deterministic_10grid,projected_gradient,10000,0.001,0.001,1.0,0.25,0.01,10,1e-08,reg_fixed,adam,warm,False,adam,exact,4,normal,1.0,/shared/home/mauro.diaz/work/FOGAS/data/datasets/generalization/10grid_tabular_new.csv,10,100,4,0.9,0,99,"18,32,57,61,75","18,32,57,61,75,99",100,50,42,cpu,failed,BrokenProcessPool('A process in the process pool was terminated abruptly while the future was running or pending.'),,,,,,,,,,,,,,,,,,64
main_ablation,deterministic_10grid,projected_gradient,10000,0.001,0.001,1.0,0.5,0.01,10,1e-08,reg_fixed,adam,warm,False,adam,exact,4,normal,1.0,/shared/home/mauro.diaz/work/FOGAS/data/datasets/generalization/10grid_tabular_new.csv,10,100,4,0.9,0,99,"18,32,57,61,75","18,32,57,61,75,99",100,50,42,cpu,failed,BrokenProcessPool('A process in the process pool was terminated abruptly while the future was running or pending.'),,,,,,,,,,,,,,,,,,65
main_ablation,deterministic_10grid,projected_gradient,10000,0.001,0.001,1.0,1.0,0.01,10,1e-08,reg_fixed,adam,warm,False,adam,exact,4,normal,1.0,/shared/home/mauro.diaz/work/FOGAS/data/datasets/generalization/10grid_tabular_new.csv,10,100,4,0.9,0,99,"18,32,57,61,75","18,32,57,61,75,99",100,50,42,cpu,failed,BrokenProcessPool('A process in the process pool was terminated abruptly while the future was running or pending.'),,,,,,,,,,,,,,,,,,66
main_ablation,deterministic_10grid,projected_gradient,10000,0.001,0.001,1.0,2.0,0.01,10,1e-08,reg_fixed,adam,warm,False,adam,exact,4,normal,1.0,/shared/home/mauro.diaz/work/FOGAS/data/datasets/generalization/10grid_tabular_new.csv,10,100,4,0.9,0,99,"18,32,57,61,75","18,32,57,61,75,99",100,50,42,cpu,failed,BrokenProcessPool('A process in the process pool was terminated abruptly while the future was running or pending.'),,,,,,,,,,,,,,,,,,67
main_ablation,deterministic_10grid,projected_gradient,10000,0.001,0.001,1.0,5.0,0.01,10,1e-08,reg_fixed,adam,warm,False,adam,exact,4,normal,1.0,/shared/home/mauro.diaz/work/FOGAS/data/datasets/generalization/10grid_tabular_new.csv,10,100,4,0.9,0,99,"18,32,57,61,75","18,32,57,61,75,99",100,50,42,cpu,failed,BrokenProcessPool('A process in the process pool was terminated abruptly while the future was running or pending.'),,,,,,,,,,,,,,,,,,68
main_ablation,deterministic_10grid,projected_gradient,10000,0.001,0.001,1.0,10.0,0.01,10,1e-08,reg_fixed,adam,warm,False,adam,exact,4,normal,1.0,/shared/home/mauro.diaz/work/FOGAS/data/datasets/generalization/10grid_tabular_new.csv,10,100,4,0.9,0,99,"18,32,57,61,75","18,32,57,61,75,99",100,50,42,cpu,failed,BrokenProcessPool('A process in the process pool was terminated abruptly while the future was running or pending.'),,,,,,,,,,,,,,,,,,69
main_ablation,deterministic_10grid,fenchel_br,10000,0.001,3e-05,1.0,,0.01,10,1e-08,reg_fixed,adam,warm,False,adam,exact,4,normal,1.0,/shared/home/mauro.diaz/work/FOGAS/data/datasets/generalization/10grid_tabular_new.csv,10,100,4,0.9,0,99,"18,32,57,61,75","18,32,57,61,75,99",100,50,42,cpu,failed,BrokenProcessPool('A process in the process pool was terminated abruptly while the future was running or pending.'),,,,,,,,,,,,,,,,,,70
main_ablation,deterministic_10grid,fenchel_mirror,10000,0.001,0.01,1.0,,0.01,10,1e-08,reg_fixed,adam,warm,False,adam,exact,4,normal,1.0,/shared/home/mauro.diaz/work/FOGAS/data/datasets/generalization/10grid_tabular_new.csv,10,100,4,0.9,0,99,"18,32,57,61,75","18,32,57,61,75,99",100,50,42,cpu,failed,BrokenProcessPool('A process in the process pool was terminated abruptly while the future was running or pending.'),,,,,,,,,,,,,,,,,,71
main_ablation,deterministic_10grid,fenchel_mirror,10000,0.001,0.03,1.0,,0.01,10,1e-08,reg_fixed,adam,warm,False,adam,exact,4,normal,1.0,/shared/home/mauro.diaz/work/FOGAS/data/datasets/generalization/10grid_tabular_new.csv,10,100,4,0.9,0,99,"18,32,57,61,75","18,32,57,61,75,99",100,50,42,cpu,failed,BrokenProcessPool('A process in the process pool was terminated abruptly while the future was running or pending.'),,,,,,,,,,,,,,,,,,72
main_ablation,deterministic_10grid,fenchel_mirror,10000,0.001,0.05,1.0,,0.01,10,1e-08,reg_fixed,adam,warm,False,adam,exact,4,normal,1.0,/shared/home/mauro.diaz/work/FOGAS/data/datasets/generalization/10grid_tabular_new.csv,10,100,4,0.9,0,99,"18,32,57,61,75","18,32,57,61,75,99",100,50,42,cpu,failed,BrokenProcessPool('A process in the process pool was terminated abruptly while the future was running or pending.'),,,,,,,,,,,,,,,,,,73
main_ablation,deterministic_10grid,fenchel_mirror,10000,0.001,0.1,1.0,,0.01,10,1e-08,reg_fixed,adam,warm,False,adam,exact,4,normal,1.0,/shared/home/mauro.diaz/work/FOGAS/data/datasets/generalization/10grid_tabular_new.csv,10,100,4,0.9,0,99,"18,32,57,61,75","18,32,57,61,75,99",100,50,42,cpu,failed,BrokenProcessPool('A process in the process pool was terminated abruptly while the future was running or pending.'),,,,,,,,,,,,,,,,,,74
main_ablation,deterministic_10grid,fenchel_mirror,10000,0.001,0.2,1.0,,0.01,10,1e-08,reg_fixed,adam,warm,False,adam,exact,4,normal,1.0,/shared/home/mauro.diaz/work/FOGAS/data/datasets/generalization/10grid_tabular_new.csv,10,100,4,0.9,0,99,"18,32,57,61,75","18,32,57,61,75,99",100,50,42,cpu,failed,BrokenProcessPool('A process in the process pool was terminated abruptly while the future was running or pending.'),,,,,,,,,,,,,,,,,,75
main_ablation,deterministic_10grid,fenchel_mirror,10000,0.001,0.5,1.0,,0.01,10,1e-08,reg_fixed,adam,warm,False,adam,exact,4,normal,1.0,/shared/home/mauro.diaz/work/FOGAS/data/datasets/generalization/10grid_tabular_new.csv,10,100,4,0.9,0,99,"18,32,57,61,75","18,32,57,61,75,99",100,50,42,cpu,failed,BrokenProcessPool('A process in the process pool was terminated abruptly while the future was running or pending.'),,,,,,,,,,,,,,,,,,76
main_ablation,deterministic_10grid,fenchel_mirror,10000,0.001,0.75,1.0,,0.01,10,1e-08,reg_fixed,adam,warm,False,adam,exact,4,normal,1.0,/shared/home/mauro.diaz/work/FOGAS/data/datasets/generalization/10grid_tabular_new.csv,10,100,4,0.9,0,99,"18,32,57,61,75","18,32,57,61,75,99",100,50,42,cpu,failed,BrokenProcessPool('A process in the process pool was terminated abruptly while the future was running or pending.'),,,,,,,,,,,,,,,,,,77
main_ablation,deterministic_10grid,fenchel_mirror,10000,0.001,1.0,1.0,,0.01,10,1e-08,reg_fixed,adam,warm,False,adam,exact,4,normal,1.0,/shared/home/mauro.diaz/work/FOGAS/data/datasets/generalization/10grid_tabular_new.csv,10,100,4,0.9,0,99,"18,32,57,61,75","18,32,57,61,75,99",100,50,42,cpu,failed,BrokenProcessPool('A process in the process pool was terminated abruptly while the future was running or pending.'),,,,,,,,,,,,,,,,,,78
eta_rho_sweep,deterministic_10grid,fogas_full,10000,0.001,3e-06,0.01,,0.01,10,1e-08,reg_fixed,adam,warm,False,adam,exact,4,normal,1.0,/shared/home/mauro.diaz/work/FOGAS/data/datasets/generalization/10grid_tabular_new.csv,10,100,4,0.9,0,99,"18,32,57,61,75","18,32,57,61,75,99",100,50,42,cpu,failed,BrokenProcessPool('A process in the process pool was terminated abruptly while the future was running or pending.'),,,,,,,,,,,,,,,,,,79
eta_rho_sweep,deterministic_10grid,fogas_full,10000,0.001,3e-06,0.03,,0.01,10,1e-08,reg_fixed,adam,warm,False,adam,exact,4,normal,1.0,/shared/home/mauro.diaz/work/FOGAS/data/datasets/generalization/10grid_tabular_new.csv,10,100,4,0.9,0,99,"18,32,57,61,75","18,32,57,61,75,99",100,50,42,cpu,failed,BrokenProcessPool('A process in the process pool was terminated abruptly while the future was running or pending.'),,,,,,,,,,,,,,,,,,80
eta_rho_sweep,deterministic_10grid,fogas_full,10000,0.001,3e-06,0.1,,0.01,10,1e-08,reg_fixed,adam,warm,False,adam,exact,4,normal,1.0,/shared/home/mauro.diaz/work/FOGAS/data/datasets/generalization/10grid_tabular_new.csv,10,100,4,0.9,0,99,"18,32,57,61,75","18,32,57,61,75,99",100,50,42,cpu,failed,BrokenProcessPool('A process in the process pool was terminated abruptly while the future was running or pending.'),,,,,,,,,,,,,,,,,,81
eta_rho_sweep,deterministic_10grid,fogas_full,10000,0.001,3e-06,0.3,,0.01,10,1e-08,reg_fixed,adam,warm,False,adam,exact,4,normal,1.0,/shared/home/mauro.diaz/work/FOGAS/data/datasets/generalization/10grid_tabular_new.csv,10,100,4,0.9,0,99,"18,32,57,61,75","18,32,57,61,75,99",100,50,42,cpu,failed,BrokenProcessPool('A process in the process pool was terminated abruptly while the future was running or pending.'),,,,,,,,,,,,,,,,,,82
eta_rho_sweep,deterministic_10grid,fogas_full,10000,0.001,3e-06,1.0,,0.01,10,1e-08,reg_fixed,adam,warm,False,adam,exact,4,normal,1.0,/shared/home/mauro.diaz/work/FOGAS/data/datasets/generalization/10grid_tabular_new.csv,10,100,4,0.9,0,99,"18,32,57,61,75","18,32,57,61,75,99",100,50,42,cpu,failed,BrokenProcessPool('A process in the process pool was terminated abruptly while the future was running or pending.'),,,,,,,,,,,,,,,,,,83
eta_rho_sweep,deterministic_10grid,fogas_full,10000,0.001,3e-06,2.0,,0.01,10,1e-08,reg_fixed,adam,warm,False,adam,exact,4,normal,1.0,/shared/home/mauro.diaz/work/FOGAS/data/datasets/generalization/10grid_tabular_new.csv,10,100,4,0.9,0,99,"18,32,57,61,75","18,32,57,61,75,99",100,50,42,cpu,failed,BrokenProcessPool('A process in the process pool was terminated abruptly while the future was running or pending.'),,,,,,,,,,,,,,,,,,84
eta_rho_sweep,deterministic_10grid,fogas_full,10000,0.001,3e-06,5.0,,0.01,10,1e-08,reg_fixed,adam,warm,False,adam,exact,4,normal,1.0,/shared/home/mauro.diaz/work/FOGAS/data/datasets/generalization/10grid_tabular_new.csv,10,100,4,0.9,0,99,"18,32,57,61,75","18,32,57,61,75,99",100,50,42,cpu,failed,BrokenProcessPool('A process in the process pool was terminated abruptly while the future was running or pending.'),,,,,,,,,,,,,,,,,,85
eta_rho_sweep,deterministic_10grid,fogas_full,10000,0.001,1e-05,0.01,,0.01,10,1e-08,reg_fixed,adam,warm,False,adam,exact,4,normal,1.0,/shared/home/mauro.diaz/work/FOGAS/data/datasets/generalization/10grid_tabular_new.csv,10,100,4,0.9,0,99,"18,32,57,61,75","18,32,57,61,75,99",100,50,42,cpu,failed,BrokenProcessPool('A process in the process pool was terminated abruptly while the future was running or pending.'),,,,,,,,,,,,,,,,,,86
eta_rho_sweep,deterministic_10grid,fogas_full,10000,0.001,1e-05,0.03,,0.01,10,1e-08,reg_fixed,adam,warm,False,adam,exact,4,normal,1.0,/shared/home/mauro.diaz/work/FOGAS/data/datasets/generalization/10grid_tabular_new.csv,10,100,4,0.9,0,99,"18,32,57,61,75","18,32,57,61,75,99",100,50,42,cpu,failed,BrokenProcessPool('A process in the process pool was terminated abruptly while the future was running or pending.'),,,,,,,,,,,,,,,,,,87
eta_rho_sweep,deterministic_10grid,fogas_full,10000,0.001,1e-05,0.1,,0.01,10,1e-08,reg_fixed,adam,warm,False,adam,exact,4,normal,1.0,/shared/home/mauro.diaz/work/FOGAS/data/datasets/generalization/10grid_tabular_new.csv,10,100,4,0.9,0,99,"18,32,57,61,75","18,32,57,61,75,99",100,50,42,cpu,failed,BrokenProcessPool('A process in the process pool was terminated abruptly while the future was running or pending.'),,,,,,,,,,,,,,,,,,88
eta_rho_sweep,deterministic_10grid,fogas_full,10000,0.001,1e-05,0.3,,0.01,10,1e-08,reg_fixed,adam,warm,False,adam,exact,4,normal,1.0,/shared/home/mauro.diaz/work/FOGAS/data/datasets/generalization/10grid_tabular_new.csv,10,100,4,0.9,0,99,"18,32,57,61,75","18,32,57,61,75,99",100,50,42,cpu,failed,BrokenProcessPool('A process in the process pool was terminated abruptly while the future was running or pending.'),,,,,,,,,,,,,,,,,,89
eta_rho_sweep,deterministic_10grid,fogas_full,10000,0.001,1e-05,1.0,,0.01,10,1e-08,reg_fixed,adam,warm,False,adam,exact,4,normal,1.0,/shared/home/mauro.diaz/work/FOGAS/data/datasets/generalization/10grid_tabular_new.csv,10,100,4,0.9,0,99,"18,32,57,61,75","18,32,57,61,75,99",100,50,42,cpu,failed,BrokenProcessPool('A process in the process pool was terminated abruptly while the future was running or pending.'),,,,,,,,,,,,,,,,,,90
eta_rho_sweep,deterministic_10grid,fogas_full,10000,0.001,1e-05,2.0,,0.01,10,1e-08,reg_fixed,adam,warm,False,adam,exact,4,normal,1.0,/shared/home/mauro.diaz/work/FOGAS/data/datasets/generalization/10grid_tabular_new.csv,10,100,4,0.9,0,99,"18,32,57,61,75","18,32,57,61,75,99",100,50,42,cpu,failed,BrokenProcessPool('A process in the process pool was terminated abruptly while the future was running or pending.'),,,,,,,,,,,,,,,,,,91
eta_rho_sweep,deterministic_10grid,fogas_full,10000,0.001,1e-05,5.0,,0.01,10,1e-08,reg_fixed,adam,warm,False,adam,exact,4,normal,1.0,/shared/home/mauro.diaz/work/FOGAS/data/datasets/generalization/10grid_tabular_new.csv,10,100,4,0.9,0,99,"18,32,57,61,75","18,32,57,61,75,99",100,50,42,cpu,failed,BrokenProcessPool('A process in the process pool was terminated abruptly while the future was running or pending.'),,,,,,,,,,,,,,,,,,92
eta_rho_sweep,deterministic_10grid,fogas_full,10000,0.001,3e-05,0.01,,0.01,10,1e-08,reg_fixed,adam,warm,False,adam,exact,4,normal,1.0,/shared/home/mauro.diaz/work/FOGAS/data/datasets/generalization/10grid_tabular_new.csv,10,100,4,0.9,0,99,"18,32,57,61,75","18,32,57,61,75,99",100,50,42,cpu,failed,BrokenProcessPool('A process in the process pool was terminated abruptly while the future was running or pending.'),,,,,,,,,,,,,,,,,,93
eta_rho_sweep,deterministic_10grid,fogas_full,10000,0.001,3e-05,0.03,,0.01,10,1e-08,reg_fixed,adam,warm,False,adam,exact,4,normal,1.0,/shared/home/mauro.diaz/work/FOGAS/data/datasets/generalization/10grid_tabular_new.csv,10,100,4,0.9,0,99,"18,32,57,61,75","18,32,57,61,75,99",100,50,42,cpu,failed,BrokenProcessPool('A process in the process pool was terminated abruptly while the future was running or pending.'),,,,,,,,,,,,,,,,,,94
eta_rho_sweep,deterministic_10grid,fogas_full,10000,0.001,3e-05,0.1,,0.01,10,1e-08,reg_fixed,adam,warm,False,adam,exact,4,normal,1.0,/shared/home/mauro.diaz/work/FOGAS/data/datasets/generalization/10grid_tabular_new.csv,10,100,4,0.9,0,99,"18,32,57,61,75","18,32,57,61,75,99",100,50,42,cpu,failed,BrokenProcessPool('A process in the process pool was terminated abruptly while the future was running or pending.'),,,,,,,,,,,,,,,,,,95
eta_rho_sweep,deterministic_10grid,fogas_full,10000,0.001,3e-05,0.3,,0.01,10,1e-08,reg_fixed,adam,warm,False,adam,exact,4,normal,1.0,/shared/home/mauro.diaz/work/FOGAS/data/datasets/generalization/10grid_tabular_new.csv,10,100,4,0.9,0,99,"18,32,57,61,75","18,32,57,61,75,99",100,50,42,cpu,failed,BrokenProcessPool('A process in the process pool was terminated abruptly while the future was running or pending.'),,,,,,,,,,,,,,,,,,96
eta_rho_sweep,deterministic_10grid,fogas_full,10000,0.001,3e-05,1.0,,0.01,10,1e-08,reg_fixed,adam,warm,False,adam,exact,4,normal,1.0,/shared/home/mauro.diaz/work/FOGAS/data/datasets/generalization/10grid_tabular_new.csv,10,100,4,0.9,0,99,"18,32,57,61,75","18,32,57,61,75,99",100,50,42,cpu,failed,BrokenProcessPool('A process in the process pool was terminated abruptly while the future was running or pending.'),,,,,,,,,,,,,,,,,,97
eta_rho_sweep,deterministic_10grid,fogas_full,10000,0.001,3e-05,2.0,,0.01,10,1e-08,reg_fixed,adam,warm,False,adam,exact,4,normal,1.0,/shared/home/mauro.diaz/work/FOGAS/data/datasets/generalization/10grid_tabular_new.csv,10,100,4,0.9,0,99,"18,32,57,61,75","18,32,57,61,75,99",100,50,42,cpu,failed,BrokenProcessPool('A process in the process pool was terminated abruptly while the future was running or pending.'),,,,,,,,,,,,,,,,,,98
eta_rho_sweep,deterministic_10grid,fogas_full,10000,0.001,3e-05,5.0,,0.01,10,1e-08,reg_fixed,adam,warm,False,adam,exact,4,normal,1.0,/shared/home/mauro.diaz/work/FOGAS/data/datasets/generalization/10grid_tabular_new.csv,10,100,4,0.9,0,99,"18,32,57,61,75","18,32,57,61,75,99",100,50,42,cpu,failed,BrokenProcessPool('A process in the process pool was terminated abruptly while the future was running or pending.'),,,,,,,,,,,,,,,,,,99
eta_rho_sweep,deterministic_10grid,fogas_full,10000,0.001,0.0001,0.01,,0.01,10,1e-08,reg_fixed,adam,warm,False,adam,exact,4,normal,1.0,/shared/home/mauro.diaz/work/FOGAS/data/datasets/generalization/10grid_tabular_new.csv,10,100,4,0.9,0,99,"18,32,57,61,75","18,32,57,61,75,99",100,50,42,cpu,failed,BrokenProcessPool('A process in the process pool was terminated abruptly while the future was running or pending.'),,,,,,,,,,,,,,,,,,100
eta_rho_sweep,deterministic_10grid,fogas_full,10000,0.001,0.0001,0.03,,0.01,10,1e-08,reg_fixed,adam,warm,False,adam,exact,4,normal,1.0,/shared/home/mauro.diaz/work/FOGAS/data/datasets/generalization/10grid_tabular_new.csv,10,100,4,0.9,0,99,"18,32,57,61,75","18,32,57,61,75,99",100,50,42,cpu,failed,BrokenProcessPool('A process in the process pool was terminated abruptly while the future was running or pending.'),,,,,,,,,,,,,,,,,,101
eta_rho_sweep,deterministic_10grid,fogas_full,10000,0.001,0.0001,0.1,,0.01,10,1e-08,reg_fixed,adam,warm,False,adam,exact,4,normal,1.0,/shared/home/mauro.diaz/work/FOGAS/data/datasets/generalization/10grid_tabular_new.csv,10,100,4,0.9,0,99,"18,32,57,61,75","18,32,57,61,75,99",100,50,42,cpu,failed,BrokenProcessPool('A process in the process pool was terminated abruptly while the future was running or pending.'),,,,,,,,,,,,,,,,,,102
eta_rho_sweep,deterministic_10grid,fogas_full,10000,0.001,0.0001,0.3,,0.01,10,1e-08,reg_fixed,adam,warm,False,adam,exact,4,normal,1.0,/shared/home/mauro.diaz/work/FOGAS/data/datasets/generalization/10grid_tabular_new.csv,10,100,4,0.9,0,99,"18,32,57,61,75","18,32,57,61,75,99",100,50,42,cpu,failed,BrokenProcessPool('A process in the process pool was terminated abruptly while the future was running or pending.'),,,,,,,,,,,,,,,,,,103
eta_rho_sweep,deterministic_10grid,fogas_full,10000,0.001,0.0001,1.0,,0.01,10,1e-08,reg_fixed,adam,warm,False,adam,exact,4,normal,1.0,/shared/home/mauro.diaz/work/FOGAS/data/datasets/generalization/10grid_tabular_new.csv,10,100,4,0.9,0,99,"18,32,57,61,75","18,32,57,61,75,99",100,50,42,cpu,failed,BrokenProcessPool('A process in the process pool was terminated abruptly while the future was running or pending.'),,,,,,,,,,,,,,,,,,104
eta_rho_sweep,deterministic_10grid,fogas_full,10000,0.001,0.0001,2.0,,0.01,10,1e-08,reg_fixed,adam,warm,False,adam,exact,4,normal,1.0,/shared/home/mauro.diaz/work/FOGAS/data/datasets/generalization/10grid_tabular_new.csv,10,100,4,0.9,0,99,"18,32,57,61,75","18,32,57,61,75,99",100,50,42,cpu,failed,BrokenProcessPool('A process in the process pool was terminated abruptly while the future was running or pending.'),,,,,,,,,,,,,,,,,,105
eta_rho_sweep,deterministic_10grid,fogas_full,10000,0.001,0.0001,5.0,,0.01,10,1e-08,reg_fixed,adam,warm,False,adam,exact,4,normal,1.0,/shared/home/mauro.diaz/work/FOGAS/data/datasets/generalization/10grid_tabular_new.csv,10,100,4,0.9,0,99,"18,32,57,61,75","18,32,57,61,75,99",100,50,42,cpu,failed,BrokenProcessPool('A process in the process pool was terminated abruptly while the future was running or pending.'),,,,,,,,,,,,,,,,,,106
eta_rho_sweep,deterministic_10grid,fogas_full,10000,0.001,0.0003,0.01,,0.01,10,1e-08,reg_fixed,adam,warm,False,adam,exact,4,normal,1.0,/shared/home/mauro.diaz/work/FOGAS/data/datasets/generalization/10grid_tabular_new.csv,10,100,4,0.9,0,99,"18,32,57,61,75","18,32,57,61,75,99",100,50,42,cpu,failed,BrokenProcessPool('A process in the process pool was terminated abruptly while the future was running or pending.'),,,,,,,,,,,,,,,,,,107
eta_rho_sweep,deterministic_10grid,fogas_full,10000,0.001,0.0003,0.03,,0.01,10,1e-08,reg_fixed,adam,warm,False,adam,exact,4,normal,1.0,/shared/home/mauro.diaz/work/FOGAS/data/datasets/generalization/10grid_tabular_new.csv,10,100,4,0.9,0,99,"18,32,57,61,75","18,32,57,61,75,99",100,50,42,cpu,failed,BrokenProcessPool('A process in the process pool was terminated abruptly while the future was running or pending.'),,,,,,,,,,,,,,,,,,108
eta_rho_sweep,deterministic_10grid,fogas_full,10000,0.001,0.0003,0.1,,0.01,10,1e-08,reg_fixed,adam,warm,False,adam,exact,4,normal,1.0,/shared/home/mauro.diaz/work/FOGAS/data/datasets/generalization/10grid_tabular_new.csv,10,100,4,0.9,0,99,"18,32,57,61,75","18,32,57,61,75,99",100,50,42,cpu,failed,BrokenProcessPool('A process in the process pool was terminated abruptly while the future was running or pending.'),,,,,,,,,,,,,,,,,,109
eta_rho_sweep,deterministic_10grid,fogas_full,10000,0.001,0.0003,0.3,,0.01,10,1e-08,reg_fixed,adam,warm,False,adam,exact,4,normal,1.0,/shared/home/mauro.diaz/work/FOGAS/data/datasets/generalization/10grid_tabular_new.csv,10,100,4,0.9,0,99,"18,32,57,61,75","18,32,57,61,75,99",100,50,42,cpu,failed,BrokenProcessPool('A process in the process pool was terminated abruptly while the future was running or pending.'),,,,,,,,,,,,,,,,,,110
eta_rho_sweep,deterministic_10grid,fogas_full,10000,0.001,0.0003,1.0,,0.01,10,1e-08,reg_fixed,adam,warm,False,adam,exact,4,normal,1.0,/shared/home/mauro.diaz/work/FOGAS/data/datasets/generalization/10grid_tabular_new.csv,10,100,4,0.9,0,99,"18,32,57,61,75","18,32,57,61,75,99",100,50,42,cpu,failed,BrokenProcessPool('A process in the process pool was terminated abruptly while the future was running or pending.'),,,,,,,,,,,,,,,,,,111
eta_rho_sweep,deterministic_10grid,fogas_full,10000,0.001,0.0003,2.0,,0.01,10,1e-08,reg_fixed,adam,warm,False,adam,exact,4,normal,1.0,/shared/home/mauro.diaz/work/FOGAS/data/datasets/generalization/10grid_tabular_new.csv,10,100,4,0.9,0,99,"18,32,57,61,75","18,32,57,61,75,99",100,50,42,cpu,failed,BrokenProcessPool('A process in the process pool was terminated abruptly while the future was running or pending.'),,,,,,,,,,,,,,,,,,112
eta_rho_sweep,deterministic_10grid,fogas_full,10000,0.001,0.0003,5.0,,0.01,10,1e-08,reg_fixed,adam,warm,False,adam,exact,4,normal,1.0,/shared/home/mauro.diaz/work/FOGAS/data/datasets/generalization/10grid_tabular_new.csv,10,100,4,0.9,0,99,"18,32,57,61,75","18,32,57,61,75,99",100,50,42,cpu,failed,BrokenProcessPool('A process in the process pool was terminated abruptly while the future was running or pending.'),,,,,,,,,,,,,,,,,,113
eta_rho_sweep,deterministic_10grid,fogas_full,10000,0.001,0.001,0.01,,0.01,10,1e-08,reg_fixed,adam,warm,False,adam,exact,4,normal,1.0,/shared/home/mauro.diaz/work/FOGAS/data/datasets/generalization/10grid_tabular_new.csv,10,100,4,0.9,0,99,"18,32,57,61,75","18,32,57,61,75,99",100,50,42,cpu,failed,BrokenProcessPool('A process in the process pool was terminated abruptly while the future was running or pending.'),,,,,,,,,,,,,,,,,,114
eta_rho_sweep,deterministic_10grid,fogas_full,10000,0.001,0.001,0.03,,0.01,10,1e-08,reg_fixed,adam,warm,False,adam,exact,4,normal,1.0,/shared/home/mauro.diaz/work/FOGAS/data/datasets/generalization/10grid_tabular_new.csv,10,100,4,0.9,0,99,"18,32,57,61,75","18,32,57,61,75,99",100,50,42,cpu,failed,BrokenProcessPool('A process in the process pool was terminated abruptly while the future was running or pending.'),,,,,,,,,,,,,,,,,,115
eta_rho_sweep,deterministic_10grid,fogas_full,10000,0.001,0.001,0.1,,0.01,10,1e-08,reg_fixed,adam,warm,False,adam,exact,4,normal,1.0,/shared/home/mauro.diaz/work/FOGAS/data/datasets/generalization/10grid_tabular_new.csv,10,100,4,0.9,0,99,"18,32,57,61,75","18,32,57,61,75,99",100,50,42,cpu,failed,BrokenProcessPool('A process in the process pool was terminated abruptly while the future was running or pending.'),,,,,,,,,,,,,,,,,,116
eta_rho_sweep,deterministic_10grid,fogas_full,10000,0.001,0.001,0.3,,0.01,10,1e-08,reg_fixed,adam,warm,False,adam,exact,4,normal,1.0,/shared/home/mauro.diaz/work/FOGAS/data/datasets/generalization/10grid_tabular_new.csv,10,100,4,0.9,0,99,"18,32,57,61,75","18,32,57,61,75,99",100,50,42,cpu,failed,BrokenProcessPool('A process in the process pool was terminated abruptly while the future was running or pending.'),,,,,,,,,,,,,,,,,,117
eta_rho_sweep,deterministic_10grid,fogas_full,10000,0.001,0.001,1.0,,0.01,10,1e-08,reg_fixed,adam,warm,False,adam,exact,4,normal,1.0,/shared/home/mauro.diaz/work/FOGAS/data/datasets/generalization/10grid_tabular_new.csv,10,100,4,0.9,0,99,"18,32,57,61,75","18,32,57,61,75,99",100,50,42,cpu,failed,BrokenProcessPool('A process in the process pool was terminated abruptly while the future was running or pending.'),,,,,,,,,,,,,,,,,,118
eta_rho_sweep,deterministic_10grid,fogas_full,10000,0.001,0.001,2.0,,0.01,10,1e-08,reg_fixed,adam,warm,False,adam,exact,4,normal,1.0,/shared/home/mauro.diaz/work/FOGAS/data/datasets/generalization/10grid_tabular_new.csv,10,100,4,0.9,0,99,"18,32,57,61,75","18,32,57,61,75,99",100,50,42,cpu,failed,BrokenProcessPool('A process in the process pool was terminated abruptly while the future was running or pending.'),,,,,,,,,,,,,,,,,,119
eta_rho_sweep,deterministic_10grid,fogas_full,10000,0.001,0.001,5.0,,0.01,10,1e-08,reg_fixed,adam,warm,False,adam,exact,4,normal,1.0,/shared/home/mauro.diaz/work/FOGAS/data/datasets/generalization/10grid_tabular_new.csv,10,100,4,0.9,0,99,"18,32,57,61,75","18,32,57,61,75,99",100,50,42,cpu,failed,BrokenProcessPool('A process in the process pool was terminated abruptly while the future was running or pending.'),,,,,,,,,,,,,,,,,,120
